arm,label,context,method,n,n_pos,coverage,coverage_pos,coverage_pos_low,coverage_pos_high,coverage_neg,coverage_neg_low,coverage_neg_high,abstention,both,empty
resnet,lvef_lte_45_flag,inpatient,plain,2203,537,0.6949614162505674,0.8770949720670391,0.8466164661762184,0.9022166593077326,0.6362545018007203,0.6128648230269815,0.6590172754811201,0.0,0.0,0.0
resnet,lvef_lte_45_flag,inpatient,pooled,2203,537,0.893781207444394,0.7132216014897579,0.6735618354701763,0.7498524502972922,0.9519807923169268,0.9406335202811311,0.9612485069285626,0.12800726282342262,0.12800726282342262,0.0
resnet,lvef_lte_45_flag,inpatient,perlabel,2203,537,0.8978665456196097,0.8770949720670391,0.8466164661762184,0.9022166593077326,0.904561824729892,0.8895078494640899,0.9177544165908021,0.2628234226055379,0.2628234226055379,0.0
resnet,lvwt_gte_13_flag,inpatient,plain,2203,483,0.44893327280980483,0.8944099378881988,0.8638227831804763,0.9187728505663282,0.32383720930232557,0.3021366578128537,0.3463228934416024,0.0,0.0,0.0
resnet,lvwt_gte_13_flag,inpatient,pooled,2203,483,0.9024058102587381,0.6004140786749482,0.5561049657412935,0.6431385420630109,0.9872093023255814,0.9807090401137125,0.9915381415653827,0.3250113481615978,0.3250113481615978,0.0
resnet,lvwt_gte_13_flag,inpatient,perlabel,2203,483,0.9078529278256923,0.8944099378881988,0.8638227831804763,0.9187728505663282,0.9116279069767442,0.8972804643238784,0.9241407822498681,0.5905583295506128,0.5905583295506128,0.0
resnet,aortic_stenosis_moderate_or_greater_flag,inpatient,plain,2203,141,0.49341806627326373,0.9432624113475178,0.8920396844298962,0.9709728881978293,0.4626576139670223,0.44122612148793816,0.48422798374242515,0.0,0.0,0.0
resnet,aortic_stenosis_moderate_or_greater_flag,inpatient,pooled,2203,141,0.908760780753518,0.0,0.0,0.026521818075925647,0.9709020368574199,0.9627256786230907,0.9773270982771316,0.04539264639128461,0.0,0.04539264639128461
resnet,aortic_stenosis_moderate_or_greater_flag,inpatient,perlabel,2203,141,0.908760780753518,0.9432624113475178,0.8920396844298962,0.9709728881978293,0.9064015518913676,0.89306299595818,0.9182286899763066,0.4439400817067635,0.4439400817067635,0.0
resnet,aortic_regurgitation_moderate_or_greater_flag,inpatient,plain,2203,33,0.5451656831593282,0.7272727272727273,0.5578244099712737,0.8493255911457935,0.5423963133640552,0.5213783374003738,0.5632644497970971,0.0,0.0,0.0
resnet,aortic_regurgitation_moderate_or_greater_flag,inpatient,pooled,2203,33,0.9101225601452565,0.0,0.0,0.10426999754245206,0.923963133640553,0.9120465090607166,0.9343813629139939,0.07852927825692238,0.0,0.07852927825692238
resnet,aortic_regurgitation_moderate_or_greater_flag,inpatient,perlabel,2203,33,0.9051293690422152,0.7272727272727273,0.5578244099712737,0.8493255911457935,0.9078341013824884,0.8949323761230252,0.9192944355048209,0.36677258284157965,0.36677258284157965,0.0
resnet,mitral_regurgitation_moderate_or_greater_flag,inpatient,plain,2203,173,0.5333635950975942,0.9017341040462428,0.8482749610592719,0.9377398169625326,0.5019704433497537,0.4802368990106025,0.523696544260162,0.0,0.0,0.0
resnet,mitral_regurgitation_moderate_or_greater_flag,inpatient,pooled,2203,173,0.9024058102587381,0.06936416184971098,0.040121257955032345,0.1173161382661986,0.9733990147783251,0.9654546164101392,0.9795551293910185,0.023604176123467997,0.0,0.023604176123467997
resnet,mitral_regurgitation_moderate_or_greater_flag,inpatient,perlabel,2203,173,0.9110304130730822,0.9017341040462428,0.8482749610592719,0.9377398169625326,0.9118226600985222,0.8986971052457992,0.9233925383439697,0.4148887880163413,0.4148887880163413,0.0
resnet,tricuspid_regurgitation_moderate_or_greater_flag,inpatient,plain,2203,183,0.5324557421697685,0.8852459016393442,0.8309427554678281,0.923707742820741,0.5004950495049505,0.4787105105999167,0.5222777091004374,0.0,0.0,0.0
resnet,tricuspid_regurgitation_moderate_or_greater_flag,inpatient,pooled,2203,183,0.9064911484339537,0.20218579234972678,0.1503954993167939,0.26622220058778745,0.9702970297029703,0.9619544236081741,0.9768542917282252,0.0022696323195642307,0.0022696323195642307,0.0
resnet,tricuspid_regurgitation_moderate_or_greater_flag,inpatient,perlabel,2203,183,0.8946890603722197,0.8852459016393442,0.8309427554678281,0.923707742820741,0.8955445544554456,0.8814475817038749,0.9081399588790546,0.3931003177485247,0.3931003177485247,0.0
resnet,pulmonary_regurgitation_moderate_or_greater_flag,inpatient,plain,2203,14,0.02224239673172946,1.0,0.7846891972623643,1.0,0.015989036089538604,0.011518950488141853,0.022154919788100517,0.0,0.0,0.0
resnet,pulmonary_regurgitation_moderate_or_greater_flag,inpatient,pooled,2203,14,0.9092147072174308,0.0,1.3877787807814457e-17,0.2153108027376358,0.9150296939241663,0.9026093459171443,0.9259959290748652,0.08715388107126645,0.0,0.08715388107126645
resnet,pulmonary_regurgitation_moderate_or_greater_flag,inpatient,perlabel,2203,14,0.9110304130730822,1.0,0.7846891972623643,1.0,0.9104613978985838,0.8977703873223567,0.9217143012635766,0.8924194280526555,0.8924194280526555,0.0
resnet,rv_systolic_dysfunction_moderate_or_greater_flag,inpatient,plain,2203,246,0.5914661824784385,0.8739837398373984,0.8266826717521745,0.9097843696608878,0.5559529892692897,0.5338513203978854,0.5778354246037798,0.0,0.0,0.0
resnet,rv_systolic_dysfunction_moderate_or_greater_flag,inpatient,pooled,2203,246,0.902859736722651,0.45121951219512196,0.39026158126663146,0.5136775002881866,0.9596320899335717,0.9499736283825392,0.9674896330694956,0.021788470267816613,0.021788470267816613,0.0
resnet,rv_systolic_dysfunction_moderate_or_greater_flag,inpatient,perlabel,2203,246,0.9014979573309124,0.8739837398373984,0.8266826717521745,0.9097843696608878,0.9049565661727134,0.8911581907847638,0.9171682513505756,0.34316840671811166,0.34316840671811166,0.0
resnet,pericardial_effusion_moderate_large_flag,inpatient,plain,2203,45,0.24466636404902406,1.0,0.9213484012671117,1.0,0.2289156626506024,0.2116805560470397,0.24711416952074242,0.0,0.0,0.0
resnet,pericardial_effusion_moderate_large_flag,inpatient,pooled,2203,45,0.9005901044030867,0.0,-6.938893903907228e-18,0.07865159873288838,0.9193697868396663,0.9071233779318189,0.9301258073009284,0.08216068996822515,0.0,0.08216068996822515
resnet,pericardial_effusion_moderate_large_flag,inpatient,perlabel,2203,45,0.9019518837948253,1.0,0.9213484012671117,1.0,0.8999073215940686,0.8865254385993633,0.9118679833408145,0.6736268724466636,0.6736268724466636,0.0
resnet,pasp_gte_45_flag,inpatient,plain,2203,346,0.4207898320472084,0.9248554913294798,0.8921744597770653,0.9482062114877581,0.32687129779213786,0.3059133762508972,0.3485440215289759,0.0,0.0,0.0
resnet,pasp_gte_45_flag,inpatient,pooled,2203,346,0.88515660463005,0.4393063583815029,0.38796187315394887,0.4919837452367907,0.968228325255789,0.9592343500541983,0.9752891106935481,0.13890149795733092,0.13890149795733092,0.0
resnet,pasp_gte_45_flag,inpatient,perlabel,2203,346,0.9083068542896051,0.9248554913294798,0.8921744597770653,0.9482062114877581,0.905223478729133,0.8910524109251027,0.9177214869618199,0.5755787562414889,0.5755787562414889,0.0
resnet,tr_max_gte_32_flag,inpatient,plain,2203,181,0.4666364049024058,0.8453038674033149,0.7855051672364564,0.890750045189975,0.43273986152324434,0.411292067706474,0.45444273655686673,0.0,0.0,0.0
resnet,tr_max_gte_32_flag,inpatient,pooled,2203,181,0.891057648660917,0.08839779005524862,0.05514402395164235,0.1387597628360513,0.9629080118694362,0.9537539693360144,0.9703064954398175,0.028597367226509306,0.0,0.028597367226509306
resnet,tr_max_gte_32_flag,inpatient,perlabel,2203,181,0.8896958692691784,0.8453038674033149,0.7855051672364564,0.890750045189975,0.8936696340257171,0.8794790063409839,0.9063672863529928,0.4643667725828416,0.4643667725828416,0.0
resnet,shd_moderate_or_greater_flag,inpatient,plain,2203,1156,0.6749886518384022,0.9039792387543253,0.8856330275754174,0.9196494469359477,0.4221585482330468,0.39257956144111367,0.45230664985956476,0.0,0.0,0.0
resnet,shd_moderate_or_greater_flag,inpatient,pooled,2203,1156,0.9078529278256923,0.921280276816609,0.9043239063097658,0.9354460403434136,0.8930276981852913,0.8728484489900195,0.9103334411912178,0.4330458465728552,0.4330458465728552,0.0
resnet,shd_moderate_or_greater_flag,inpatient,perlabel,2203,1156,0.905583295506128,0.9039792387543253,0.8856330275754174,0.9196494469359477,0.9073543457497613,0.8882721430053131,0.9234582972432841,0.42260553790285976,0.42260553790285976,0.0
resnet,lvef_lte_45_flag,emergency,plain,1971,310,0.7843734145104008,0.8516129032258064,0.8077454061915241,0.8868728281844163,0.7718242022877785,0.7510288590836897,0.7913651299749732,0.0,0.0,0.0
resnet,lvef_lte_45_flag,emergency,pooled,1971,310,0.9330289193302892,0.6838709677419355,0.6301298222573648,0.7331109058107876,0.979530403371463,0.971532703565572,0.9853151641757903,0.10451547437848807,0.10451547437848807,0.0
resnet,lvef_lte_45_flag,emergency,perlabel,1971,310,0.9315068493150684,0.8516129032258064,0.8077454061915241,0.8868728281844163,0.946417820590006,0.9345216608142884,0.9562538494559186,0.19076610857432774,0.19076610857432774,0.0
resnet,lvwt_gte_13_flag,emergency,plain,1971,392,0.571790969051243,0.8698979591836735,0.8329735748639525,0.8996429652629433,0.49778340721975933,0.47315704461107194,0.5224205288970065,0.0,0.0,0.0
resnet,lvwt_gte_13_flag,emergency,pooled,1971,392,0.9056316590563166,0.5433673469387755,0.49387449632278285,0.592018477347267,0.9955668144395187,0.9908772886291872,0.9978509199217898,0.23084728564180618,0.23084728564180618,0.0
resnet,lvwt_gte_13_flag,emergency,perlabel,1971,392,0.9294774226281075,0.8698979591836735,0.8329735748639525,0.8996429652629433,0.9442685243825206,0.9318377202675294,0.9545429037561259,0.47234906139015725,0.47234906139015725,0.0
resnet,aortic_stenosis_moderate_or_greater_flag,emergency,plain,1971,66,0.5256215119228818,0.8484848484848485,0.7430709513021234,0.9155636301732872,0.5144356955380578,0.49198577487217676,0.53682751380921,0.0,0.0,0.0
resnet,aortic_stenosis_moderate_or_greater_flag,emergency,pooled,1971,66,0.930492135971588,0.0,-3.469446951953614e-18,0.05500255701354129,0.9627296587926509,0.9532499490336813,0.9703469226987692,0.0410958904109589,0.0,0.0410958904109589
resnet,aortic_stenosis_moderate_or_greater_flag,emergency,perlabel,1971,66,0.898021308980213,0.8484848484848485,0.7430709513021234,0.9155636301732872,0.899737532808399,0.8854352796242727,0.9124308778621267,0.3911719939117199,0.3911719939117199,0.0
resnet,aortic_regurgitation_moderate_or_greater_flag,emergency,plain,1971,25,0.6595636732623034,0.76,0.5657031664457093,0.8850368630659855,0.658273381294964,0.6369073663389666,0.6790157551093638,0.0,0.0,0.0
resnet,aortic_regurgitation_moderate_or_greater_flag,emergency,pooled,1971,25,0.9294774226281075,0.0,1.3877787807814457e-17,0.13319225093904846,0.9414182939362795,0.9300887507214849,0.9510085263048652,0.06189751395230847,0.0,0.06189751395230847
resnet,aortic_regurgitation_moderate_or_greater_flag,emergency,perlabel,1971,25,0.9264332825976661,0.76,0.5657031664457093,0.8850368630659855,0.9285714285714286,0.9162647358672582,0.9391894306519224,0.2724505327245053,0.2724505327245053,0.0
resnet,mitral_regurgitation_moderate_or_greater_flag,emergency,plain,1971,119,0.6458650431253171,0.865546218487395,0.7927150943383466,0.9155148537200674,0.6317494600431965,0.6095307506402111,0.6534227455652798,0.0,0.0,0.0
resnet,mitral_regurgitation_moderate_or_greater_flag,emergency,pooled,1971,119,0.9345509893455098,0.11764705882352941,0.07138737922398072,0.1878203762551495,0.9870410367170627,0.9807895333668589,0.9912762599829475,0.013191273465246067,0.0,0.013191273465246067
resnet,mitral_regurgitation_moderate_or_greater_flag,emergency,perlabel,1971,119,0.9370877727042111,0.865546218487395,0.7927150943383466,0.9155148537200674,0.9416846652267818,0.9300696962447381,0.9514711230015385,0.31709791983764585,0.31709791983764585,0.0
resnet,tricuspid_regurgitation_moderate_or_greater_flag,emergency,plain,1971,131,0.680365296803653,0.916030534351145,0.8558897996241043,0.9524669250309078,0.6635869565217392,0.6416773455511028,0.6848149334461567,0.0,0.0,0.0
resnet,tricuspid_regurgitation_moderate_or_greater_flag,emergency,pooled,1971,131,0.930492135971588,0.22900763358778625,0.1653860213813489,0.30806969008190005,0.9804347826086957,0.9730333352026979,0.9858343546098516,0.0005073566717402334,0.0005073566717402334,0.0
resnet,tricuspid_regurgitation_moderate_or_greater_flag,emergency,perlabel,1971,131,0.9365804160324708,0.916030534351145,0.8558897996241043,0.9524669250309078,0.9380434782608695,0.9260893135995564,0.9481724035824738,0.28513444951801115,0.28513444951801115,0.0
resnet,pulmonary_regurgitation_moderate_or_greater_flag,emergency,plain,1971,6,0.0624048706240487,1.0,0.6096657120978346,1.0,0.059541984732824425,0.04991351110687653,0.07088923700426773,0.0,0.0,0.0
resnet,pulmonary_regurgitation_moderate_or_greater_flag,emergency,pooled,1971,6,0.943683409436834,0.0,0.0,0.39033428790216534,0.9465648854961832,0.9357212808743428,0.9556658809193844,0.05428716387620497,0.0,0.05428716387620497
resnet,pulmonary_regurgitation_moderate_or_greater_flag,emergency,perlabel,1971,6,0.9426686960933536,1.0,0.6096657120978346,1.0,0.9424936386768448,0.9313106244747283,0.9519499307157512,0.8822932521562659,0.8822932521562659,0.0
resnet,rv_systolic_dysfunction_moderate_or_greater_flag,emergency,plain,1971,145,0.7493658041603247,0.903448275862069,0.844458557677603,0.9416127488455829,0.7371303395399781,0.7164574090064526,0.7568076358013769,0.0,0.0,0.0
resnet,rv_systolic_dysfunction_moderate_or_greater_flag,emergency,pooled,1971,145,0.9411466260781329,0.42758620689655175,0.3499540537882163,0.5089562245281349,0.9819277108433735,0.9747290744284378,0.9871028873057193,0.008625063419583967,0.008625063419583967,0.0
resnet,rv_systolic_dysfunction_moderate_or_greater_flag,emergency,perlabel,1971,145,0.9528158295281582,0.903448275862069,0.844458557677603,0.9416127488455829,0.9567360350492881,0.946406190010377,0.9651481919058581,0.23236935565702688,0.23236935565702688,0.0
resnet,pericardial_effusion_moderate_large_flag,emergency,plain,1971,19,0.4124809741248097,0.8947368421052632,0.6860591728889099,0.9706414397011299,0.4077868852459016,0.38618829917374187,0.429747701990142,0.0,0.0,0.0
resnet,pericardial_effusion_moderate_large_flag,emergency,pooled,1971,19,0.9573820395738204,0.0,0.0,0.16817922405261626,0.9667008196721312,0.9577801046371786,0.9737882450278317,0.03450025367833587,0.0,0.03450025367833587
resnet,pericardial_effusion_moderate_large_flag,emergency,perlabel,1971,19,0.9594114662607813,0.8947368421052632,0.6860591728889099,0.9706414397011299,0.9600409836065574,0.9504102419549204,0.9678645966830371,0.5540334855403348,0.5540334855403348,0.0
resnet,pasp_gte_45_flag,emergency,plain,1971,275,0.5657026889903602,0.8836363636363637,0.8403449383583494,0.9163574576640483,0.5141509433962265,0.49035930080545365,0.5378786267676867,0.0,0.0,0.0
resnet,pasp_gte_45_flag,emergency,pooled,1971,275,0.9010654490106544,0.43636363636363634,0.3790243112926163,0.4954563339169384,0.9764150943396226,0.9680445145395774,0.9826323804228144,0.09487569761542364,0.09487569761542364,0.0
resnet,pasp_gte_45_flag,emergency,perlabel,1971,275,0.9294774226281075,0.8836363636363637,0.8403449383583494,0.9163574576640483,0.9369103773584906,0.9243231961687579,0.9475228176519506,0.441400304414003,0.441400304414003,0.0
resnet,tr_max_gte_32_flag,emergency,plain,1971,147,0.6265854895991883,0.7891156462585034,0.7162378392713799,0.8472677159290632,0.6134868421052632,0.5909234925435973,0.6355731754262324,0.0,0.0,0.0
resnet,tr_max_gte_32_flag,emergency,pooled,1971,147,0.9117199391171994,0.1360544217687075,0.0898308730963235,0.20081507506311896,0.9742324561403509,0.9659042202153979,0.9805673633300261,0.016235413495687467,0.0,0.016235413495687467
resnet,tr_max_gte_32_flag,emergency,perlabel,1971,147,0.9198376458650431,0.7891156462585034,0.7162378392713799,0.8472677159290632,0.9303728070175439,0.9177653053574859,0.9411713340450087,0.32775240994419075,0.32775240994419075,0.0
resnet,shd_moderate_or_greater_flag,emergency,plain,1971,788,0.710806697108067,0.8616751269035533,0.8358101588488296,0.884030907377878,0.610312764158918,0.5822083320488799,0.6377030959352276,0.0,0.0,0.0
resnet,shd_moderate_or_greater_flag,emergency,pooled,1971,788,0.9122272957889396,0.8769035532994924,0.8521183745625793,0.8980317891894634,0.9357565511411665,0.9203258660411463,0.9483664031221285,0.3729071537290715,0.3729071537290715,0.0
resnet,shd_moderate_or_greater_flag,emergency,perlabel,1971,788,0.908675799086758,0.8616751269035533,0.8358101588488296,0.884030907377878,0.9399830938292477,0.924971263185956,0.952146731187438,0.3571790969051243,0.3571790969051243,0.0
resnet,lvef_lte_45_flag,outpatient,plain,1059,70,0.8677998111425873,0.8714285714285714,0.7733524405057481,0.9308589988466249,0.8675429726996967,0.8449871402882013,0.8872546426683011,0.0,0.0,0.0
resnet,lvef_lte_45_flag,outpatient,pooled,1059,70,0.9631728045325779,0.6,0.48293796477356277,0.7066574227443838,0.9888776541961577,0.9801939533498673,0.9937782668962646,0.053824362606232294,0.053824362606232294,0.0
resnet,lvef_lte_45_flag,outpatient,perlabel,1059,70,0.9650613786591123,0.8714285714285714,0.7733524405057481,0.9308589988466249,0.9716885743174924,0.9593863804140182,0.9803406945494161,0.12370160528800755,0.12370160528800755,0.0
resnet,lvwt_gte_13_flag,outpatient,plain,1059,146,0.6496694995278565,0.7465753424657534,0.6703220936464399,0.8101857749145428,0.6341730558598029,0.6024282166405537,0.6647935561566061,0.0,0.0,0.0
resnet,lvwt_gte_13_flag,outpatient,pooled,1059,146,0.9254013220018886,0.4863013698630137,0.4066243264247194,0.5666807919885594,0.9956188389923329,0.9887895349636522,0.998294972715652,0.15864022662889518,0.15864022662889518,0.0
resnet,lvwt_gte_13_flag,outpatient,perlabel,1059,146,0.9414542020774316,0.7465753424657534,0.6703220936464399,0.8101857749145428,0.9726177437020811,0.9598900571803483,0.9813850037337287,0.3588290840415486,0.3588290840415486,0.0
resnet,aortic_stenosis_moderate_or_greater_flag,outpatient,plain,1059,51,0.6591123701605288,0.9607843137254902,0.8678369434463774,0.9891789166471329,0.6438492063492064,0.6137926701439376,0.6728134947566353,0.0,0.0,0.0
resnet,aortic_stenosis_moderate_or_greater_flag,outpatient,pooled,1059,51,0.9301227573182247,0.0,0.0,0.07004661989853143,0.9771825396825397,0.9659937118907655,0.9847481178828585,0.03588290840415486,0.0,0.03588290840415486
resnet,aortic_stenosis_moderate_or_greater_flag,outpatient,perlabel,1059,51,0.943342776203966,0.9607843137254902,0.8678369434463774,0.9891789166471329,0.9424603174603174,0.9263340013788808,0.955227029970467,0.3050047214353163,0.3050047214353163,0.0
resnet,aortic_regurgitation_moderate_or_greater_flag,outpatient,plain,1059,4,0.7790368271954674,1.0,0.5101091635454027,1.0,0.7781990521327015,0.7521452355482446,0.8022342658492386,0.0,0.0,0.0
resnet,aortic_regurgitation_moderate_or_greater_flag,outpatient,pooled,1059,4,0.9726156751652503,0.0,0.0,0.4898908364545973,0.976303317535545,0.9652522084172404,0.9838983859685697,0.024551463644948063,0.0,0.024551463644948063
resnet,aortic_regurgitation_moderate_or_greater_flag,outpatient,perlabel,1059,4,0.9707271010387157,1.0,0.5101091635454027,1.0,0.9706161137440759,0.9585943208041767,0.9792231321561311,0.19452313503305005,0.19452313503305005,0.0
resnet,mitral_regurgitation_moderate_or_greater_flag,outpatient,plain,1059,30,0.7582625118035883,0.7,0.5212421254128503,0.833352517317562,0.7599611273080661,0.7329287106708856,0.7850597912729335,0.0,0.0,0.0
resnet,mitral_regurgitation_moderate_or_greater_flag,outpatient,pooled,1059,30,0.9678942398489141,0.03333333333333333,0.005908590381612455,0.16670390991409173,0.9951409135082604,0.9886759043785704,0.9979227563331146,0.0028328611898017,0.0,0.0028328611898017
resnet,mitral_regurgitation_moderate_or_greater_flag,outpatient,perlabel,1059,30,0.9754485363550519,0.7,0.5212421254128503,0.833352517317562,0.9834791059280855,0.9737018770183968,0.9896599163163694,0.2332389046270066,0.2332389046270066,0.0
resnet,tricuspid_regurgitation_moderate_or_greater_flag,outpatient,plain,1059,26,0.8111425873465533,0.6923076923076923,0.5001174167780164,0.8349868440453624,0.814133591481123,0.7892634139034348,0.8366760626469861,0.0,0.0,0.0
resnet,tricuspid_regurgitation_moderate_or_greater_flag,outpatient,pooled,1059,26,0.9726156751652503,0.15384615384615385,0.061500337235783575,0.33531199328213473,0.9932236205227493,0.9860787833989558,0.9967137075176525,0.0,0.0,0.0
resnet,tricuspid_regurgitation_moderate_or_greater_flag,outpatient,perlabel,1059,26,0.9660056657223796,0.6923076923076923,0.5001174167780164,0.8349868440453624,0.972894482090997,0.9611038719578426,0.9811809794901714,0.1643059490084986,0.1643059490084986,0.0
resnet,pulmonary_regurgitation_moderate_or_greater_flag,outpatient,plain,1059,0,0.12086874409820586,,,,0.12086874409820586,0.10259383336017028,0.14188426510336594,0.0,0.0,0.0
resnet,pulmonary_regurgitation_moderate_or_greater_flag,outpatient,pooled,1059,0,0.9792256846081209,,,,0.9792256846081209,0.9687457216520513,0.9862414888828314,0.02077431539187913,0.0,0.02077431539187913
resnet,pulmonary_regurgitation_moderate_or_greater_flag,outpatient,perlabel,1059,0,0.9782813975448537,,,,0.9782813975448537,0.9676206768830072,0.985484785453777,0.8574126534466477,0.8574126534466477,0.0
resnet,rv_systolic_dysfunction_moderate_or_greater_flag,outpatient,plain,1059,20,0.8687440982058546,0.75,0.531299122381256,0.8881382985923343,0.8710298363811357,0.849274930119973,0.8900512574597689,0.0,0.0,0.0
resnet,rv_systolic_dysfunction_moderate_or_greater_flag,outpatient,pooled,1059,20,0.9820585457979226,0.35,0.18119182410108206,0.5671457233147638,0.9942252165543792,0.9874585743367382,0.9973507572383523,0.0084985835694051,0.0084985835694051,0.0
resnet,rv_systolic_dysfunction_moderate_or_greater_flag,outpatient,perlabel,1059,20,0.9754485363550519,0.75,0.531299122381256,0.8881382985923343,0.9797882579403272,0.9692989798820081,0.9867427957561276,0.11142587346553352,0.11142587346553352,0.0
resnet,pericardial_effusion_moderate_large_flag,outpatient,plain,1059,2,0.6421152030217187,1.0,0.34238022750665303,1.0,0.641438032166509,0.6120622515887654,0.6697894780112347,0.0,0.0,0.0
resnet,pericardial_effusion_moderate_large_flag,outpatient,pooled,1059,2,0.9905571293673276,0.0,0.0,0.6576197724933469,0.9924314096499527,0.9851365126510176,0.996159977361023,0.0084985835694051,0.0,0.0084985835694051
resnet,pericardial_effusion_moderate_large_flag,outpatient,perlabel,1059,2,0.9915014164305949,1.0,0.34238022750665303,1.0,0.9914853358561968,0.9838971758609701,0.9955140183009034,0.35033050047214354,0.35033050047214354,0.0
resnet,pasp_gte_45_flag,outpatient,plain,1059,63,0.6817752596789424,0.7301587301587301,0.6097009078044822,0.82416155587684,0.678714859437751,0.6490752173294986,0.7069812322799219,0.0,0.0,0.0
resnet,pasp_gte_45_flag,outpatient,pooled,1059,63,0.9527856468366384,0.3492063492063492,0.24325989015230323,0.47248539226338215,0.9909638554216867,0.9829162112180319,0.9952388666415559,0.04154863078375826,0.04154863078375826,0.0
resnet,pasp_gte_45_flag,outpatient,perlabel,1059,63,0.95561850802644,0.7301587301587301,0.6097009078044822,0.82416155587684,0.9698795180722891,0.9573271914062798,0.978821226667927,0.3021718602455146,0.3021718602455146,0.0
resnet,tr_max_gte_32_flag,outpatient,plain,1059,35,0.7865911237016053,0.7428571428571429,0.5793069315616083,0.8583697293093956,0.7880859375,0.7620026446403138,0.8120158432663168,0.0,0.0,0.0
resnet,tr_max_gte_32_flag,outpatient,pooled,1059,35,0.9622285174693107,0.11428571428571428,0.04535179333097358,0.25951468646213804,0.9912109375,0.9833809256772761,0.9953692418380973,0.003777148253068933,0.0,0.003777148253068933
resnet,tr_max_gte_32_flag,outpatient,perlabel,1059,35,0.9688385269121813,0.7428571428571429,0.5793069315616083,0.8583697293093956,0.9765625,0.9653625436379698,0.9842002431363885,0.19830028328611898,0.19830028328611898,0.0
resnet,shd_moderate_or_greater_flag,outpatient,plain,1059,271,0.7119924457034938,0.7158671586715867,0.6594454509477004,0.76625451623349,0.7106598984771574,0.6780376083088294,0.7412382407916388,0.0,0.0,0.0
resnet,shd_moderate_or_greater_flag,outpatient,pooled,1059,271,0.9178470254957507,0.7453874538745388,0.6903399622555373,0.7935753850529954,0.9771573604060914,0.9641821545813811,0.9855029012124505,0.32200188857412654,0.32200188857412654,0.0
resnet,shd_moderate_or_greater_flag,outpatient,perlabel,1059,271,0.9131255901794145,0.7158671586715867,0.6594454509477004,0.76625451623349,0.9809644670050761,0.9688314985488444,0.9884308316263211,0.29367327667610954,0.29367327667610954,0.0
random_init,lvef_lte_45_flag,inpatient,plain,2203,537,0.584203359055833,0.9013035381750466,0.8731558985272843,0.9237504646420562,0.4819927971188475,0.45806801626139515,0.5060004288696927,0.0,0.0,0.0
random_init,lvef_lte_45_flag,inpatient,pooled,2203,537,0.8946890603722197,0.6610800744878957,0.6200272963253171,0.6998446313505435,0.9699879951980792,0.960652137053923,0.9771614450246827,0.21016795279164777,0.21016795279164777,0.0
random_init,lvef_lte_45_flag,inpatient,perlabel,2203,537,0.893781207444394,0.9013035381750466,0.8731558985272843,0.9237504646420562,0.8913565426170468,0.8755032884155606,0.9054091707354622,0.39128461189287334,0.39128461189287334,0.0
random_init,lvwt_gte_13_flag,inpatient,plain,2203,483,0.4180662732637313,0.9047619047619048,0.8752980829578373,0.9278381186038441,0.2813953488372093,0.2606492069858045,0.3031157807094941,0.0,0.0,0.0
random_init,lvwt_gte_13_flag,inpatient,pooled,2203,483,0.9128461189287336,0.6335403726708074,0.5896726334057556,0.6753006914061546,0.9912790697674418,0.9856606800405568,0.9947078981442111,0.36949614162505673,0.36949614162505673,0.0
random_init,lvwt_gte_13_flag,inpatient,perlabel,2203,483,0.9042215161143895,0.9047619047619048,0.8752980829578373,0.9278381186038441,0.9040697674418605,0.8892381682739372,0.9171004847892745,0.6173399909214707,0.6173399909214707,0.0
random_init,aortic_stenosis_moderate_or_greater_flag,inpatient,plain,2203,141,0.41534271448025417,0.9290780141843972,0.8743728043920829,0.9610233659115555,0.3802133850630456,0.35950180399822934,0.40137045563683243,0.0,0.0,0.0
random_init,aortic_stenosis_moderate_or_greater_flag,inpatient,pooled,2203,141,0.9096686336813437,0.0,0.0,0.026521818075925647,0.9718719689621726,0.9638109845707076,0.9781780493365183,0.04221516114389469,0.0,0.04221516114389469
random_init,aortic_stenosis_moderate_or_greater_flag,inpatient,perlabel,2203,141,0.9133000453926464,0.9290780141843972,0.8743728043920829,0.9610233659115555,0.9122211445198836,0.89922817957687,0.9236810483996376,0.5270086246028144,0.5270086246028144,0.0
random_init,aortic_regurgitation_moderate_or_greater_flag,inpatient,plain,2203,33,0.12256014525646845,0.8484848484848485,0.6908012411955788,0.9334954271839244,0.11152073732718894,0.09895712609141288,0.12545733469697753,0.0,0.0,0.0
random_init,aortic_regurgitation_moderate_or_greater_flag,inpatient,pooled,2203,33,0.9033136631865638,0.0,0.0,0.10426999754245206,0.9170506912442397,0.9046962045319258,0.9279312130084143,0.08397639582387653,0.0,0.08397639582387653
random_init,aortic_regurgitation_moderate_or_greater_flag,inpatient,perlabel,2203,33,0.9005901044030867,0.8484848484848485,0.6908012411955788,0.9334954271839244,0.9013824884792627,0.88811983064374,0.9132265568453609,0.7871084884248751,0.7871084884248751,0.0
random_init,mitral_regurgitation_moderate_or_greater_flag,inpatient,plain,2203,173,0.4239673172945983,0.8959537572254336,0.8415380298880826,0.9331671829823291,0.383743842364532,0.36282783584105716,0.4050990111838405,0.0,0.0,0.0
random_init,mitral_regurgitation_moderate_or_greater_flag,inpatient,pooled,2203,173,0.8960508397639583,0.011560693641618497,0.0031761056273468986,0.041165639079955366,0.9714285714285714,0.9632432315701662,0.977833070960227,0.033590558329550615,0.0,0.033590558329550615
random_init,mitral_regurgitation_moderate_or_greater_flag,inpatient,perlabel,2203,173,0.9069450748978666,0.8959537572254336,0.8415380298880826,0.9331671829823291,0.9078817733990148,0.8945194767077053,0.9197032803405346,0.5270086246028144,0.5270086246028144,0.0
random_init,tricuspid_regurgitation_moderate_or_greater_flag,inpatient,plain,2203,183,0.38175215615070357,0.912568306010929,0.8627050006879483,0.9454668095359805,0.3336633663366337,0.3134338019691183,0.3545243787119027,0.0,0.0,0.0
random_init,tricuspid_regurgitation_moderate_or_greater_flag,inpatient,pooled,2203,183,0.9064911484339537,0.03278688524590164,0.01511147471989768,0.0696740911854546,0.9856435643564356,0.9794578772515884,0.9899856487957882,0.0040853381752156154,0.0,0.0040853381752156154
random_init,tricuspid_regurgitation_moderate_or_greater_flag,inpatient,perlabel,2203,183,0.9042215161143895,0.912568306010929,0.8627050006879483,0.9454668095359805,0.9034653465346535,0.8898103519832997,0.9155887038052956,0.5687698592827962,0.5687698592827962,0.0
random_init,pulmonary_regurgitation_moderate_or_greater_flag,inpatient,plain,2203,14,0.10304130730821606,1.0,0.7846891972623643,1.0,0.09730470534490634,0.08558553317418245,0.11043477513021362,0.0,0.0,0.0
random_init,pulmonary_regurgitation_moderate_or_greater_flag,inpatient,pooled,2203,14,0.9105764866091693,0.0,1.3877787807814457e-17,0.2153108027376358,0.916400182731841,0.9040629509464359,0.9272784999673961,0.08579210167952792,0.0,0.08579210167952792
random_init,pulmonary_regurgitation_moderate_or_greater_flag,inpatient,perlabel,2203,14,0.908760780753518,1.0,0.7846891972623643,1.0,0.9081772498857926,0.8953544429378966,0.9195699524449987,0.8093508851566046,0.8093508851566046,0.0
random_init,rv_systolic_dysfunction_moderate_or_greater_flag,inpatient,plain,2203,246,0.507489786654562,0.8739837398373984,0.8266826717521745,0.9097843696608878,0.46142054164537555,0.43943118202682013,0.48356106228710033,0.0,0.0,0.0
random_init,rv_systolic_dysfunction_moderate_or_greater_flag,inpatient,pooled,2203,246,0.9105764866091693,0.26422764227642276,0.21305925213247975,0.32264630871580713,0.9918242207460398,0.9867601464423826,0.9949612422708843,0.04403086699954607,0.04403086699954607,0.0
random_init,rv_systolic_dysfunction_moderate_or_greater_flag,inpatient,perlabel,2203,246,0.8960508397639583,0.8739837398373984,0.8266826717521745,0.9097843696608878,0.8988247317322432,0.8846730008665976,0.911413797980888,0.42941443486155245,0.42941443486155245,0.0
random_init,pericardial_effusion_moderate_large_flag,inpatient,plain,2203,45,0.10848842487517023,1.0,0.9213484012671117,1.0,0.08989805375347544,0.078547304344216,0.10270625484806978,0.0,0.0,0.0
random_init,pericardial_effusion_moderate_large_flag,inpatient,pooled,2203,45,0.899682251475261,0.0,-6.938893903907228e-18,0.07865159873288838,0.9184430027803522,0.9061385199011799,0.9292603908890641,0.082614616432138,0.0,0.082614616432138
random_init,pericardial_effusion_moderate_large_flag,inpatient,perlabel,2203,45,0.9037675896504767,1.0,0.9213484012671117,1.0,0.901760889712697,0.8884801481041793,0.9136138227210051,0.8120744439400817,0.8120744439400817,0.0
random_init,pasp_gte_45_flag,inpatient,plain,2203,346,0.31048570131638675,0.9335260115606936,0.9022314720096608,0.9552998251993426,0.1943995691976306,0.17703891223086574,0.213021968764711,0.0,0.0,0.0
random_init,pasp_gte_45_flag,inpatient,pooled,2203,346,0.8974126191556968,0.3699421965317919,0.3207595809807869,0.42198102985651215,0.9956919763058697,0.9915219182838826,0.9978154544801203,0.1820245120290513,0.1820245120290513,0.0
random_init,pasp_gte_45_flag,inpatient,perlabel,2203,346,0.9019518837948253,0.9335260115606936,0.9022314720096608,0.9552998251993426,0.8960689283791061,0.8813616696792979,0.9091409242022059,0.6949614162505674,0.6949614162505674,0.0
random_init,tr_max_gte_32_flag,inpatient,plain,2203,181,0.40444847934634587,0.8729281767955801,0.8165429217618353,0.9138127076587107,0.36251236399604353,0.341837909505915,0.3837082345029725,0.0,0.0,0.0
random_init,tr_max_gte_32_flag,inpatient,pooled,2203,181,0.8915115751248298,0.011049723756906077,0.003035481630522502,0.03938713757365047,0.9703264094955489,0.9619918730302994,0.9768772530400169,0.035860190649114845,0.0,0.035860190649114845
random_init,tr_max_gte_32_flag,inpatient,perlabel,2203,181,0.8933272809804812,0.8729281767955801,0.8165429217618353,0.9138127076587107,0.8951533135509396,0.8810425066631095,0.907765518289764,0.5356332274171585,0.5356332274171585,0.0
random_init,shd_moderate_or_greater_flag,inpatient,plain,2203,1156,0.6509305492510213,0.9091695501730104,0.8912207755623975,0.9244079405915118,0.3658070678127985,0.3371718250755847,0.3954234226268118,0.0,0.0,0.0
random_init,shd_moderate_or_greater_flag,inpatient,pooled,2203,1156,0.9201089423513391,0.9368512110726643,0.9213317381571281,0.9494769334236842,0.9016236867239733,0.8820889193776743,0.9182221008439789,0.5460735360871539,0.5460735360871539,0.0
random_init,shd_moderate_or_greater_flag,inpatient,perlabel,2203,1156,0.9160236041761235,0.9091695501730104,0.8912207755623975,0.9244079405915118,0.9235912129894938,0.9059065785334378,0.9381788851248337,0.5270086246028144,0.5270086246028144,0.0
random_init,lvef_lte_45_flag,emergency,plain,1971,310,0.6402841197361745,0.8516129032258064,0.8077454061915241,0.8868728281844163,0.600842865743528,0.577084873861776,0.6241354875276504,0.0,0.0,0.0
random_init,lvef_lte_45_flag,emergency,pooled,1971,310,0.9249112125824455,0.6064516129032258,0.5510836276210282,0.6592136359973757,0.9843467790487658,0.9771627392573861,0.9892956532070531,0.13952308472856417,0.13952308472856417,0.0
random_init,lvef_lte_45_flag,emergency,perlabel,1971,310,0.9167935058346017,0.8516129032258064,0.8077454061915241,0.8868728281844163,0.9289584587597832,0.9155890247208752,0.9403483334281774,0.3328259766615931,0.3328259766615931,0.0
random_init,lvwt_gte_13_flag,emergency,plain,1971,392,0.5220700152207002,0.8673469387755102,0.8301772986202539,0.8973867136436976,0.43635212159594683,0.4120745051652067,0.46093867699533864,0.0,0.0,0.0
random_init,lvwt_gte_13_flag,emergency,pooled,1971,392,0.9030948756976154,0.5306122448979592,0.48115086351145586,0.5794794708438735,0.9955668144395187,0.9908772886291872,0.9978509199217898,0.2694063926940639,0.2694063926940639,0.0
random_init,lvwt_gte_13_flag,emergency,perlabel,1971,392,0.9249112125824455,0.8673469387755102,0.8301772986202539,0.8973867136436976,0.9392020265991133,0.92631586504463,0.9499563555689196,0.5200405885337392,0.5200405885337392,0.0
random_init,aortic_stenosis_moderate_or_greater_flag,emergency,plain,1971,66,0.4794520547945205,0.7575757575757576,0.6419087139865022,0.8449081505822794,0.46981627296587924,0.44748764065774554,0.492266392099355,0.0,0.0,0.0
random_init,aortic_stenosis_moderate_or_greater_flag,emergency,pooled,1971,66,0.9355657026889903,0.0,-3.469446951953614e-18,0.05500255701354129,0.967979002624672,0.959083327228824,0.9749911040241308,0.03450025367833587,0.0,0.03450025367833587
random_init,aortic_stenosis_moderate_or_greater_flag,emergency,perlabel,1971,66,0.91324200913242,0.7575757575757576,0.6419087139865022,0.8449081505822794,0.9186351706036745,0.9054991931900604,0.9300861785701542,0.44951801116184675,0.44951801116184675,0.0
random_init,aortic_regurgitation_moderate_or_greater_flag,emergency,plain,1971,25,0.17554540842212074,0.92,0.7503389104960468,0.9777795987151524,0.1659815005138746,0.15011193103099507,0.18316719578259322,0.0,0.0,0.0
random_init,aortic_regurgitation_moderate_or_greater_flag,emergency,pooled,1971,25,0.9264332825976661,0.0,1.3877787807814457e-17,0.13319225093904846,0.9383350462487153,0.9267596623517943,0.9481832681528354,0.0639269406392694,0.0,0.0639269406392694
random_init,aortic_regurgitation_moderate_or_greater_flag,emergency,perlabel,1971,25,0.9254185692541856,0.92,0.7503389104960468,0.9777795987151524,0.9254881808838643,0.9129638880360551,0.9363359319614046,0.7574835109081685,0.7574835109081685,0.0
random_init,mitral_regurgitation_moderate_or_greater_flag,emergency,plain,1971,119,0.5093860984271943,0.8823529411764706,0.8121796237448505,0.9286126207760194,0.48542116630669546,0.46271276286605767,0.5081899240292364,0.0,0.0,0.0
random_init,mitral_regurgitation_moderate_or_greater_flag,emergency,pooled,1971,119,0.9254185692541856,0.025210084033613446,0.008610231289265302,0.07150489364635793,0.9832613390928726,0.976339156238585,0.9881828892692606,0.024860476915271434,0.0,0.024860476915271434
random_init,mitral_regurgitation_moderate_or_greater_flag,emergency,perlabel,1971,119,0.9269406392694064,0.8823529411764706,0.8121796237448505,0.9286126207760194,0.9298056155507559,0.9172587709115193,0.9405731265457377,0.4469812278031456,0.4469812278031456,0.0
random_init,tricuspid_regurgitation_moderate_or_greater_flag,emergency,plain,1971,131,0.5114155251141552,0.916030534351145,0.8558897996241043,0.9524669250309078,0.4826086956521739,0.45983657257607397,0.505453284806277,0.0,0.0,0.0
random_init,tricuspid_regurgitation_moderate_or_greater_flag,emergency,pooled,1971,131,0.9299847792998478,0.030534351145038167,0.011936969336074028,0.07588067164955445,0.9940217391304348,0.9893264348930185,0.996658553839569,0.0025367833587011668,0.0,0.0025367833587011668
random_init,tricuspid_regurgitation_moderate_or_greater_flag,emergency,perlabel,1971,131,0.9370877727042111,0.916030534351145,0.8558897996241043,0.9524669250309078,0.9385869565217392,0.9266766055272551,0.9486698036115768,0.4627092846270928,0.4627092846270928,0.0
random_init,pulmonary_regurgitation_moderate_or_greater_flag,emergency,plain,1971,6,0.1491628614916286,1.0,0.6096657120978346,1.0,0.1465648854961832,0.13161704264026416,0.16289192161529872,0.0,0.0,0.0
random_init,pulmonary_regurgitation_moderate_or_greater_flag,emergency,pooled,1971,6,0.9355657026889903,0.0,0.0,0.39033428790216534,0.9384223918575063,0.9269143145565979,0.9482196340306339,0.06291222729578894,0.0,0.06291222729578894
random_init,pulmonary_regurgitation_moderate_or_greater_flag,emergency,perlabel,1971,6,0.9350583460172501,1.0,0.6096657120978346,1.0,0.9348600508905852,0.9230782800021776,0.9449448878072125,0.7874175545408422,0.7874175545408422,0.0
random_init,rv_systolic_dysfunction_moderate_or_greater_flag,emergency,plain,1971,145,0.6494165398274987,0.8896551724137931,0.8282684091286581,0.9309286646928805,0.6303395399780942,0.6079470210048176,0.6521848050096476,0.0,0.0,0.0
random_init,rv_systolic_dysfunction_moderate_or_greater_flag,emergency,pooled,1971,145,0.9401319127346525,0.2482758620689655,0.18506551332786442,0.32447973986707085,0.9950711938663745,0.990658974820479,0.9974047676882458,0.026382546930492135,0.026382546930492135,0.0
random_init,rv_systolic_dysfunction_moderate_or_greater_flag,emergency,perlabel,1971,145,0.9360730593607306,0.8896551724137931,0.8282684091286581,0.9309286646928805,0.9397590361445783,0.9278950783024253,0.949776586779993,0.3150684931506849,0.3150684931506849,0.0
random_init,pericardial_effusion_moderate_large_flag,emergency,plain,1971,19,0.16692034500253677,0.9473684210526315,0.753612688331012,0.9906480059376995,0.15932377049180327,0.14375965176916283,0.17622613030851908,0.0,0.0,0.0
random_init,pericardial_effusion_moderate_large_flag,emergency,pooled,1971,19,0.954337899543379,0.0,0.0,0.16817922405261626,0.9636270491803278,0.9543695461039152,0.9710633369332244,0.03754439370877727,0.0,0.03754439370877727
random_init,pericardial_effusion_moderate_large_flag,emergency,perlabel,1971,19,0.9533231861998985,0.9473684210526315,0.753612688331012,0.9906480059376995,0.9533811475409836,0.9431051311443364,0.9618761964665681,0.7940131912734653,0.7940131912734653,0.0
random_init,pasp_gte_45_flag,emergency,plain,1971,275,0.39928970065956365,0.9054545454545454,0.8650757010384376,0.9346619023406841,0.31721698113207547,0.29550220535722826,0.33975789682304214,0.0,0.0,0.0
random_init,pasp_gte_45_flag,emergency,pooled,1971,275,0.9101978691019786,0.37454545454545457,0.31943817835363447,0.43310937934520227,0.9970518867924528,0.9931171009874669,0.998740105019088,0.13444951801116184,0.13444951801116184,0.0
random_init,pasp_gte_45_flag,emergency,perlabel,1971,275,0.9299847792998478,0.9054545454545454,0.8650757010384376,0.9346619023406841,0.9339622641509434,0.9211348428544509,0.9448282693885198,0.6179604261796042,0.6179604261796042,0.0
random_init,tr_max_gte_32_flag,emergency,plain,1971,147,0.502283105022831,0.7482993197278912,0.6724302164752695,0.8115216132851112,0.4824561403508772,0.4595852898616015,0.5054007324812269,0.0,0.0,0.0
random_init,tr_max_gte_32_flag,emergency,pooled,1971,147,0.9101978691019786,0.0,1.734723475976807e-18,0.025466863359233906,0.9835526315789473,0.9766177111446237,0.9884550480311727,0.020801623541349568,0.0,0.020801623541349568
random_init,tr_max_gte_32_flag,emergency,perlabel,1971,147,0.9183155758498224,0.7482993197278912,0.6724302164752695,0.8115216132851112,0.9320175438596491,0.9195343747586091,0.9426848250492452,0.4530695078640284,0.4530695078640284,0.0
random_init,shd_moderate_or_greater_flag,emergency,plain,1971,788,0.6646372399797057,0.8439086294416244,0.8169058664573589,0.8675745859897911,0.5452240067624683,0.5167478118808179,0.5734074478674561,0.0,0.0,0.0
random_init,shd_moderate_or_greater_flag,emergency,pooled,1971,788,0.9096905124302385,0.8718274111675127,0.8466706403471064,0.8933764908964913,0.9349112426035503,0.9193988684755966,0.9476082556456543,0.4581430745814307,0.4581430745814307,0.0
random_init,shd_moderate_or_greater_flag,emergency,perlabel,1971,788,0.9046169457128361,0.8439086294416244,0.8169058664573589,0.8675745859897911,0.945054945054945,0.930570480903442,0.9566583837220947,0.42973110096397765,0.42973110096397765,0.0
random_init,lvef_lte_45_flag,outpatient,plain,1059,70,0.6987724268177526,0.8571428571428571,0.7566158011633325,0.920510582829334,0.6875631951466128,0.6579982916347615,0.7156766760087907,0.0,0.0,0.0
random_init,lvef_lte_45_flag,outpatient,pooled,1059,70,0.9641170915958451,0.5428571428571428,0.42698259205475575,0.6542725740243641,0.993933265925177,0.9868276388154791,0.9972166829843874,0.07932011331444759,0.07932011331444759,0.0
random_init,lvef_lte_45_flag,outpatient,perlabel,1059,70,0.9641170915958451,0.8571428571428571,0.7566158011633325,0.920510582829334,0.9716885743174924,0.9593863804140182,0.9803406945494161,0.2927289896128423,0.2927289896128423,0.0
random_init,lvwt_gte_13_flag,outpatient,plain,1059,146,0.5193578847969783,0.863013698630137,0.7978732897610338,0.9095410722870797,0.4644030668127054,0.4322693402990261,0.4968350873262174,0.0,0.0,0.0
random_init,lvwt_gte_13_flag,outpatient,pooled,1059,146,0.9348441926345609,0.5273972602739726,0.44675455631040495,0.6066352068630376,1.0,0.9958101165869668,1.0000000000000002,0.21152030217186024,0.21152030217186024,0.0
random_init,lvwt_gte_13_flag,outpatient,perlabel,1059,146,0.9414542020774316,0.863013698630137,0.7978732897610338,0.9095410722870797,0.9539978094194962,0.938402710653338,0.9657885124031741,0.5174693106704438,0.5174693106704438,0.0
random_init,aortic_stenosis_moderate_or_greater_flag,outpatient,plain,1059,51,0.3947119924457035,0.9411764705882353,0.8407537395119957,0.9797933605775353,0.36706349206349204,0.3378648501052314,0.39727152164182533,0.0,0.0,0.0
random_init,aortic_stenosis_moderate_or_greater_flag,outpatient,pooled,1059,51,0.9301227573182247,0.0,0.0,0.07004661989853143,0.9771825396825397,0.9659937118907655,0.9847481178828585,0.03210576015108593,0.0,0.03210576015108593
random_init,aortic_stenosis_moderate_or_greater_flag,outpatient,perlabel,1059,51,0.9244570349386213,0.9411764705882353,0.8407537395119957,0.9797933605775353,0.9236111111111112,0.9055577048001807,0.9384480359759889,0.5561850802644004,0.5561850802644004,0.0
random_init,aortic_regurgitation_moderate_or_greater_flag,outpatient,plain,1059,4,0.15203021718602455,1.0,0.5101091635454027,1.0,0.14881516587677726,0.12861422503554962,0.171564291939689,0.0,0.0,0.0
random_init,aortic_regurgitation_moderate_or_greater_flag,outpatient,pooled,1059,4,0.9622285174693107,0.0,0.0,0.4898908364545973,0.9658767772511848,0.9531217379961838,0.9752514304428721,0.03588290840415486,0.0,0.03588290840415486
random_init,aortic_regurgitation_moderate_or_greater_flag,outpatient,perlabel,1059,4,0.9575070821529745,1.0,0.5101091635454027,1.0,0.957345971563981,0.9434025696670761,0.9679708866337265,0.8073654390934845,0.8073654390934845,0.0
random_init,mitral_regurgitation_moderate_or_greater_flag,outpatient,plain,1059,30,0.52219074598678,0.8,0.6269430358685175,0.9049489282271013,0.5140913508260447,0.4835579298789262,0.544519951534851,0.0,0.0,0.0
random_init,mitral_regurgitation_moderate_or_greater_flag,outpatient,pooled,1059,30,0.9669499527856469,0.0,0.0,0.11351339317396876,0.9951409135082604,0.9886759043785704,0.9979227563331146,0.004721435316336166,0.0,0.004721435316336166
random_init,mitral_regurgitation_moderate_or_greater_flag,outpatient,perlabel,1059,30,0.9697828139754485,0.8,0.6269430358685175,0.9049489282271013,0.9747327502429544,0.9632346589172847,0.9826994838847924,0.4664778092540132,0.4664778092540132,0.0
random_init,tricuspid_regurgitation_moderate_or_greater_flag,outpatient,plain,1059,26,0.5297450424929179,0.7692307692307693,0.5794844592105632,0.8896615059421671,0.5237173281703775,0.49322938587521065,0.5540295268381493,0.0,0.0,0.0
random_init,tricuspid_regurgitation_moderate_or_greater_flag,outpatient,pooled,1059,26,0.9763928234183191,0.038461538461538464,0.006821984993543487,0.18892778903034757,1.0,0.99629503740614,1.0000000000000002,0.0,0.0,0.0
random_init,tricuspid_regurgitation_moderate_or_greater_flag,outpatient,perlabel,1059,26,0.9678942398489141,0.7692307692307693,0.5794844592105632,0.8896615059421671,0.972894482090997,0.9611038719578426,0.9811809794901714,0.4513692162417375,0.4513692162417375,0.0
random_init,pulmonary_regurgitation_moderate_or_greater_flag,outpatient,plain,1059,0,0.12653446647780925,,,,0.12653446647780925,0.10785206180288551,0.14791652584924045,0.0,0.0,0.0
random_init,pulmonary_regurgitation_moderate_or_greater_flag,outpatient,pooled,1059,0,0.9631728045325779,,,,0.9631728045325779,0.9500529528301471,0.9729445383370645,0.036827195467422094,0.0,0.036827195467422094
random_init,pulmonary_regurgitation_moderate_or_greater_flag,outpatient,perlabel,1059,0,0.959395656279509,,,,0.959395656279509,0.9457537875618838,0.9697167108129348,0.8328611898016998,0.8328611898016998,0.0
random_init,rv_systolic_dysfunction_moderate_or_greater_flag,outpatient,plain,1059,20,0.6864966949952785,0.75,0.531299122381256,0.8881382985923343,0.685274302213667,0.6563973076002596,0.7127863269239954,0.0,0.0,0.0
random_init,rv_systolic_dysfunction_moderate_or_greater_flag,outpatient,pooled,1059,20,0.9830028328611898,0.15,0.052368745896216595,0.36041886474075696,0.9990375360923965,0.9945684356088259,0.9998300812785831,0.007554296506137866,0.007554296506137866,0.0
random_init,rv_systolic_dysfunction_moderate_or_greater_flag,outpatient,perlabel,1059,20,0.9622285174693107,0.75,0.531299122381256,0.8881382985923343,0.9663137632338787,0.9535118629890937,0.9756801937745507,0.2842304060434372,0.2842304060434372,0.0
random_init,pericardial_effusion_moderate_large_flag,outpatient,plain,1059,2,0.1671388101983003,1.0,0.34238022750665303,1.0,0.16556291390728478,0.1443745342356975,0.18917338273018844,0.0,0.0,0.0
random_init,pericardial_effusion_moderate_large_flag,outpatient,pooled,1059,2,0.9763928234183191,0.0,0.0,0.6576197724933469,0.978240302743614,0.9675598125459742,0.985457239713558,0.0226628895184136,0.0,0.0226628895184136
random_init,pericardial_effusion_moderate_large_flag,outpatient,perlabel,1059,2,0.9716713881019831,1.0,0.34238022750665303,1.0,0.9716177861873226,0.9597721598389874,0.9800478214693744,0.8054768649669499,0.8054768649669499,0.0
random_init,pasp_gte_45_flag,outpatient,plain,1059,63,0.3654390934844193,0.8095238095238095,0.6959321285012545,0.8875380812770755,0.3373493975903614,0.3086610941095267,0.3672875304032478,0.0,0.0,0.0
random_init,pasp_gte_45_flag,outpatient,pooled,1059,63,0.9508970727101038,0.1746031746031746,0.1003939657946789,0.2862142752075897,1.0,0.9961579320533226,0.9999999999999999,0.05476864966949953,0.05476864966949953,0.0
random_init,pasp_gte_45_flag,outpatient,perlabel,1059,63,0.9584513692162417,0.8095238095238095,0.6959321285012545,0.8875380812770755,0.9678714859437751,0.9549966478110837,0.9771511359978488,0.6355051935788479,0.6355051935788479,0.0
random_init,tr_max_gte_32_flag,outpatient,plain,1059,35,0.5779036827195467,0.7428571428571429,0.5793069315616083,0.8583697293093956,0.572265625,0.5417481254796986,0.6022429528426426,0.0,0.0,0.0
random_init,tr_max_gte_32_flag,outpatient,pooled,1059,35,0.9622285174693107,0.0,6.938893903907228e-18,0.09890099232440402,0.9951171875,0.9886208640204845,0.9979126050258262,0.0056657223796034,0.0,0.0056657223796034
random_init,tr_max_gte_32_flag,outpatient,perlabel,1059,35,0.9650613786591123,0.7428571428571429,0.5793069315616083,0.8583697293093956,0.97265625,0.9607644868075458,0.9810149984358751,0.408876298394712,0.408876298394712,0.0
random_init,shd_moderate_or_greater_flag,outpatient,plain,1059,271,0.6279508970727101,0.7859778597785978,0.7333274735747483,0.8306340214088802,0.5736040609137056,0.5387989117855662,0.6076950595868867,0.0,0.0,0.0
random_init,shd_moderate_or_greater_flag,outpatient,pooled,1059,271,0.9282341831916903,0.8265682656826568,0.77700958559545,0.866998057063274,0.9631979695431472,0.9476461005359962,0.9742556158596116,0.5155807365439093,0.5155807365439093,0.0
random_init,shd_moderate_or_greater_flag,outpatient,perlabel,1059,271,0.9244570349386213,0.7859778597785978,0.7333274735747483,0.8306340214088802,0.9720812182741116,0.9580903283593716,0.9814916949260151,0.44192634560906513,0.44192634560906513,0.0
ecgfounder,lvef_lte_45_flag,inpatient,plain,2203,537,0.6740807989105765,0.88268156424581,0.8527070725079109,0.9072198770572837,0.6068427370948379,0.5831678463264149,0.6300260458957969,0.0,0.0,0.0
ecgfounder,lvef_lte_45_flag,inpatient,pooled,2203,537,0.8924194280526555,0.702048417132216,0.662041485252118,0.7391851523528631,0.9537815126050421,0.9426133190470144,0.9628618636495706,0.14525646845211077,0.14525646845211077,0.0
ecgfounder,lvef_lte_45_flag,inpatient,perlabel,2203,537,0.8987743985474353,0.88268156424581,0.8527070725079109,0.9072198770572837,0.9039615846338536,0.8888696109529239,0.9171949366063377,0.29278256922378576,0.29278256922378576,0.0
ecgfounder,lvwt_gte_13_flag,inpatient,plain,2203,483,0.4525646845211076,0.9047619047619048,0.8752980829578373,0.9278381186038441,0.32558139534883723,0.303846208662625,0.3480939410942623,0.0,0.0,0.0
ecgfounder,lvwt_gte_13_flag,inpatient,pooled,2203,483,0.8974126191556968,0.5797101449275363,0.5352302473940707,0.6229321247804804,0.9866279069767442,0.9800139115472213,0.9910730706310638,0.32818883340898775,0.32818883340898775,0.0
ecgfounder,lvwt_gte_13_flag,inpatient,perlabel,2203,483,0.9014979573309124,0.9047619047619048,0.8752980829578373,0.9278381186038441,0.9005813953488372,0.8855353446803087,0.9138421113780406,0.5869269178393101,0.5869269178393101,0.0
ecgfounder,aortic_stenosis_moderate_or_greater_flag,inpatient,plain,2203,141,0.5170222423967318,0.9148936170212766,0.8571335147826399,0.9506462531969112,0.489815712900097,0.46827808064903637,0.5113912207774264,0.0,0.0,0.0
ecgfounder,aortic_stenosis_moderate_or_greater_flag,inpatient,pooled,2203,141,0.9073990013617794,0.0,0.0,0.026521818075925647,0.969447138700291,0.9611016020514282,0.9760467893382887,0.04539264639128461,0.0,0.04539264639128461
ecgfounder,aortic_stenosis_moderate_or_greater_flag,inpatient,perlabel,2203,141,0.9119382660009079,0.9148936170212766,0.8571335147826399,0.9506462531969112,0.9117361784675073,0.8987138225247674,0.9232272769482387,0.4230594643667726,0.4230594643667726,0.0
ecgfounder,aortic_regurgitation_moderate_or_greater_flag,inpatient,plain,2203,33,0.09078529278256922,0.9393939393939394,0.8039375519135219,0.9832191169128082,0.07788018433179723,0.06733619242798498,0.08991605677980342,0.0,0.0,0.0
ecgfounder,aortic_regurgitation_moderate_or_greater_flag,inpatient,pooled,2203,33,0.9128461189287336,0.0,0.0,0.10426999754245206,0.9267281105990783,0.9149939434988692,0.9369541102495893,0.07399001361779392,0.0,0.07399001361779392
ecgfounder,aortic_regurgitation_moderate_or_greater_flag,inpatient,perlabel,2203,33,0.9133000453926464,0.9393939393939394,0.8039375519135219,0.9832191169128082,0.9129032258064517,0.900297610287137,0.924049534592581,0.8343168406718112,0.8343168406718112,0.0
ecgfounder,mitral_regurgitation_moderate_or_greater_flag,inpatient,plain,2203,173,0.5301861098502043,0.884393063583815,0.8281819315949569,0.923904150972669,0.5,0.47827000895350935,0.5217299910464906,0.0,0.0,0.0
ecgfounder,mitral_regurgitation_moderate_or_greater_flag,inpatient,pooled,2203,173,0.9060372219700409,0.046242774566473986,0.023615435969923965,0.08858369964573554,0.9793103448275862,0.9721529124609712,0.9846571631524798,0.016795279164775308,0.0,0.016795279164775308
ecgfounder,mitral_regurgitation_moderate_or_greater_flag,inpatient,perlabel,2203,173,0.9137539718565593,0.884393063583815,0.8281819315949569,0.923904150972669,0.916256157635468,0.9034057427561422,0.9275341481928467,0.42169768497503407,0.42169768497503407,0.0
ecgfounder,tricuspid_regurgitation_moderate_or_greater_flag,inpatient,plain,2203,183,0.43849296413980937,0.9016393442622951,0.8498894629701953,0.9368738224795897,0.39653465346534655,0.37541801965807653,0.41804406296791574,0.0,0.0,0.0
ecgfounder,tricuspid_regurgitation_moderate_or_greater_flag,inpatient,pooled,2203,183,0.9101225601452565,0.18579234972677597,0.13611052957732375,0.24839438316604182,0.9757425742574257,0.9680763108063719,0.9816028212339225,0.007262823422605538,0.0,0.007262823422605538
ecgfounder,tricuspid_regurgitation_moderate_or_greater_flag,inpatient,perlabel,2203,183,0.9073990013617794,0.9016393442622951,0.8498894629701953,0.9368738224795897,0.907920792079208,0.8945258163136558,0.9197672167781263,0.5083976395823877,0.5083976395823877,0.0
ecgfounder,pulmonary_regurgitation_moderate_or_greater_flag,inpatient,plain,2203,14,0.026781661370857923,1.0,0.7846891972623643,1.0,0.02055733211512106,0.015399078455036954,0.027395378227281462,0.0,0.0,0.0
ecgfounder,pulmonary_regurgitation_moderate_or_greater_flag,inpatient,pooled,2203,14,0.9178393100317749,0.0,1.3877787807814457e-17,0.2153108027376358,0.9237094563727729,0.9118315726251375,0.9341028165384163,0.076713572401271,0.0,0.076713572401271
ecgfounder,pulmonary_regurgitation_moderate_or_greater_flag,inpatient,perlabel,2203,14,0.9214707217430776,1.0,0.7846891972623643,1.0,0.9209684787574235,0.9089150628557189,0.9315469744641892,0.9001361779391739,0.9001361779391739,0.0
ecgfounder,rv_systolic_dysfunction_moderate_or_greater_flag,inpatient,plain,2203,246,0.5760326827054018,0.8943089430894309,0.8496448633266241,0.9268475607719305,0.5360245273377618,0.5138805684324641,0.5580273358836765,0.0,0.0,0.0
ecgfounder,rv_systolic_dysfunction_moderate_or_greater_flag,inpatient,pooled,2203,246,0.905583295506128,0.35365853658536583,0.29658174369290163,0.4152355009715523,0.974961676034747,0.9670533714081024,0.9810089982635668,0.030866999546073536,0.030866999546073536,0.0
ecgfounder,rv_systolic_dysfunction_moderate_or_greater_flag,inpatient,perlabel,2203,246,0.911484339536995,0.8943089430894309,0.8496448633266241,0.9268475607719305,0.913643331630046,0.9003739529228195,0.9252919838703125,0.3772128915115751,0.3772128915115751,0.0
ecgfounder,pericardial_effusion_moderate_large_flag,inpatient,plain,2203,45,0.2469359963685883,0.9111111111111111,0.7926642466571064,0.9648888832736299,0.23308619091751623,0.21573170753588106,0.251389253023166,0.0,0.0,0.0
ecgfounder,pericardial_effusion_moderate_large_flag,inpatient,pooled,2203,45,0.9092147072174308,0.0,-6.938893903907228e-18,0.07865159873288838,0.928174235403151,0.9165027726165702,0.9383240198199585,0.07399001361779392,0.0,0.07399001361779392
ecgfounder,pericardial_effusion_moderate_large_flag,inpatient,perlabel,2203,45,0.9060372219700409,0.9111111111111111,0.7926642466571064,0.9648888832736299,0.9059314179796107,0.8928832860822719,0.9175369197341775,0.6722650930549251,0.6722650930549251,0.0
ecgfounder,pasp_gte_45_flag,inpatient,plain,2203,346,0.4330458465728552,0.8959537572254336,0.8593178967566886,0.9238940213608682,0.34679590737749055,0.32548492795483575,0.36873942560153716,0.0,0.0,0.0
ecgfounder,pasp_gte_45_flag,inpatient,pooled,2203,346,0.8983204720835225,0.3988439306358382,0.34863200508053527,0.45127735890403076,0.9913839526117394,0.9860495526271508,0.9946895594284199,0.16886064457557876,0.16886064457557876,0.0
ecgfounder,pasp_gte_45_flag,inpatient,perlabel,2203,346,0.9042215161143895,0.8959537572254336,0.8593178967566886,0.9238940213608682,0.9057619816908993,0.8916235801423839,0.9182251003330927,0.5660463004993191,0.5660463004993191,0.0
ecgfounder,tr_max_gte_32_flag,inpatient,plain,2203,181,0.3831139355424421,0.850828729281768,0.7916642235284824,0.8954110722967722,0.34124629080118696,0.3208988944641098,0.3621957538339222,0.0,0.0,0.0
ecgfounder,tr_max_gte_32_flag,inpatient,pooled,2203,181,0.8960508397639583,0.03867403314917127,0.018857824367166504,0.07766521183112099,0.9727992087042532,0.9647626654891823,0.9790426810126289,0.02814344076259646,0.0,0.02814344076259646
ecgfounder,tr_max_gte_32_flag,inpatient,perlabel,2203,181,0.9064911484339537,0.850828729281768,0.7916642235284824,0.8954110722967722,0.9114737883283878,0.8982994203660098,0.9230876594347298,0.5714934180662733,0.5714934180662733,0.0
ecgfounder,shd_moderate_or_greater_flag,inpatient,plain,2203,1156,0.6731729459827508,0.8953287197231834,0.8763528948654226,0.9116858435750353,0.4278892072588348,0.39823691453045373,0.45806871679716865,0.0,0.0,0.0
ecgfounder,shd_moderate_or_greater_flag,inpatient,pooled,2203,1156,0.9046754425783023,0.916955017301038,0.8996330489699139,0.9315150296478117,0.8911174785100286,0.8708002302361292,0.9085751866027935,0.4516568315932819,0.4516568315932819,0.0
ecgfounder,shd_moderate_or_greater_flag,inpatient,perlabel,2203,1156,0.9069450748978666,0.8953287197231834,0.8763528948654226,0.9116858435750353,0.9197707736389685,0.9017404776183606,0.9347320393552818,0.4584657285519746,0.4584657285519746,0.0
ecgfounder,lvef_lte_45_flag,emergency,plain,1971,310,0.7681380010147133,0.8354838709677419,0.7901552492593054,0.872599763356271,0.7555689343768814,0.7343276188427051,0.7756308492755727,0.0,0.0,0.0
ecgfounder,lvef_lte_45_flag,emergency,pooled,1971,310,0.9264332825976661,0.6451612903225806,0.5904197278300289,0.6963492680132493,0.9789283564118001,0.9708363282606584,0.984810223890319,0.09487569761542364,0.09487569761542364,0.0
ecgfounder,lvef_lte_45_flag,emergency,perlabel,1971,310,0.9315068493150684,0.8354838709677419,0.7901552492593054,0.872599763356271,0.9494280553883203,0.9378144673006461,0.9589676209214844,0.20750887874175544,0.20750887874175544,0.0
ecgfounder,lvwt_gte_13_flag,emergency,plain,1971,392,0.563165905631659,0.8852040816326531,0.8498410471222965,0.913090660182264,0.4832172260924636,0.45863981922624375,0.5078760944777806,0.0,0.0,0.0
ecgfounder,lvwt_gte_13_flag,emergency,pooled,1971,392,0.9112125824454591,0.5688775510204082,0.5194183274330405,0.6169999248664505,0.9962001266624446,0.99173440323297,0.9982573557442702,0.25012683916793504,0.25012683916793504,0.0
ecgfounder,lvwt_gte_13_flag,emergency,perlabel,1971,392,0.9370877727042111,0.8852040816326531,0.8498410471222965,0.913090660182264,0.9499683343888538,0.9380808591846308,0.9596717186753938,0.49974632166412986,0.49974632166412986,0.0
ecgfounder,aortic_stenosis_moderate_or_greater_flag,emergency,plain,1971,66,0.5246067985794013,0.803030303030303,0.6916121200582055,0.8811136029638906,0.5149606299212598,0.4925103440005041,0.537350700632933,0.0,0.0,0.0
ecgfounder,aortic_stenosis_moderate_or_greater_flag,emergency,pooled,1971,66,0.9279553526128869,0.0,-3.469446951953614e-18,0.05500255701354129,0.9601049868766404,0.9503506110605826,0.9680074809116155,0.0426179604261796,0.0,0.0426179604261796
ecgfounder,aortic_stenosis_moderate_or_greater_flag,emergency,perlabel,1971,66,0.9010654490106544,0.803030303030303,0.6916121200582055,0.8811136029638906,0.9044619422572179,0.8904358682990399,0.9168600927558133,0.3942161339421613,0.3942161339421613,0.0
ecgfounder,aortic_regurgitation_moderate_or_greater_flag,emergency,plain,1971,25,0.091324200913242,0.92,0.7503389104960468,0.9777795987151524,0.08067831449126413,0.06938806907763911,0.09362080396834249,0.0,0.0,0.0
ecgfounder,aortic_regurgitation_moderate_or_greater_flag,emergency,pooled,1971,25,0.9309994926433283,0.0,1.3877787807814457e-17,0.13319225093904846,0.9429599177800617,0.9317562765334944,0.9524181737537163,0.05885337392186707,0.0,0.05885337392186707
ecgfounder,aortic_regurgitation_moderate_or_greater_flag,emergency,perlabel,1971,25,0.9340436326737697,0.92,0.7503389104960468,0.9777795987151524,0.934224049331963,0.9223324514074148,0.9444046837349204,0.8513444951801116,0.8513444951801116,0.0
ecgfounder,mitral_regurgitation_moderate_or_greater_flag,emergency,plain,1971,119,0.6215119228817859,0.8235294117647058,0.7452429522119907,0.8815812546902838,0.6085313174946004,0.5860996672379932,0.6305136636525956,0.0,0.0,0.0
ecgfounder,mitral_regurgitation_moderate_or_greater_flag,emergency,pooled,1971,119,0.9340436326737697,0.06722689075630252,0.03445575021955612,0.12706511587220665,0.9897408207343412,0.9840318234801402,0.9934223611853523,0.008625063419583967,0.0,0.008625063419583967
ecgfounder,mitral_regurgitation_moderate_or_greater_flag,emergency,perlabel,1971,119,0.9244038559107052,0.8235294117647058,0.7452429522119907,0.8815812546902838,0.9308855291576674,0.9184190930276261,0.9415681609559055,0.3257229832572298,0.3257229832572298,0.0
ecgfounder,tricuspid_regurgitation_moderate_or_greater_flag,emergency,plain,1971,131,0.571790969051243,0.9236641221374046,0.8651791980212924,0.9580097601136282,0.5467391304347826,0.5239193393376227,0.5693641689473086,0.0,0.0,0.0
ecgfounder,tricuspid_regurgitation_moderate_or_greater_flag,emergency,pooled,1971,131,0.923896499238965,0.11450381679389313,0.07063031762598299,0.18034189163863878,0.9815217391304348,0.9742901622789607,0.9867469114471917,0.0035514967021816335,0.0,0.0035514967021816335
ecgfounder,tricuspid_regurgitation_moderate_or_greater_flag,emergency,perlabel,1971,131,0.9345509893455098,0.9236641221374046,0.8651791980212924,0.9580097601136282,0.9353260869565218,0.9231563617363653,0.9456818956616574,0.3987823439878234,0.3987823439878234,0.0
ecgfounder,pulmonary_regurgitation_moderate_or_greater_flag,emergency,plain,1971,6,0.022323693556570268,1.0,0.6096657120978346,1.0,0.019338422391857506,0.014121453756206494,0.026431054147867165,0.0,0.0,0.0
ecgfounder,pulmonary_regurgitation_moderate_or_greater_flag,emergency,pooled,1971,6,0.939117199391172,0.0,0.0,0.39033428790216534,0.9419847328244275,0.9307603301002686,0.9514843992648051,0.058346017250126836,0.0,0.058346017250126836
ecgfounder,pulmonary_regurgitation_moderate_or_greater_flag,emergency,perlabel,1971,6,0.9406392694063926,1.0,0.6096657120978346,1.0,0.9404580152671755,0.9291107629957321,0.9500864888931234,0.9208523592085236,0.9208523592085236,0.0
ecgfounder,rv_systolic_dysfunction_moderate_or_greater_flag,emergency,plain,1971,145,0.730593607305936,0.8620689655172413,0.7965444414169767,0.908904167001267,0.7201533406352684,0.6991169374066774,0.7402653905673354,0.0,0.0,0.0
ecgfounder,rv_systolic_dysfunction_moderate_or_greater_flag,emergency,pooled,1971,145,0.9386098427194317,0.36551724137931035,0.29154432711473016,0.4464319040442079,0.984118291347207,0.9772843589715955,0.9889195662249893,0.014713343480466767,0.014713343480466767,0.0
ecgfounder,rv_systolic_dysfunction_moderate_or_greater_flag,emergency,perlabel,1971,145,0.9492643328259767,0.8620689655172413,0.7965444414169767,0.908904167001267,0.9561883899233297,0.9458039761440189,0.9646574149066092,0.24403855910705224,0.24403855910705224,0.0
ecgfounder,pericardial_effusion_moderate_large_flag,emergency,plain,1971,19,0.3495687468290208,0.8947368421052632,0.6860591728889099,0.9706414397011299,0.3442622950819672,0.32350922003345634,0.3656271374877698,0.0,0.0,0.0
ecgfounder,pericardial_effusion_moderate_large_flag,emergency,pooled,1971,19,0.9452054794520548,0.0,0.0,0.16817922405261626,0.954405737704918,0.9442253468875693,0.9628011362659586,0.04667681380010147,0.0,0.04667681380010147
ecgfounder,pericardial_effusion_moderate_large_flag,emergency,perlabel,1971,19,0.9431760527650939,0.8947368421052632,0.6860591728889099,0.9706414397011299,0.9436475409836066,0.9325192898290326,0.9530330601269486,0.6007102993404363,0.6007102993404363,0.0
ecgfounder,pasp_gte_45_flag,emergency,plain,1971,275,0.541349568746829,0.8654545454545455,0.8200524927959258,0.900787230429202,0.48879716981132076,0.4650592776084549,0.5125856963961424,0.0,0.0,0.0
ecgfounder,pasp_gte_45_flag,emergency,pooled,1971,275,0.9112125824454591,0.41454545454545455,0.35788754037878445,0.4735578974740463,0.9917452830188679,0.9861914977916995,0.9950764853749277,0.1232876712328767,0.1232876712328767,0.0
ecgfounder,pasp_gte_45_flag,emergency,perlabel,1971,275,0.928462709284627,0.8654545454545455,0.8200524927959258,0.900787230429202,0.9386792452830188,0.9262395852683878,0.9491361694989631,0.4642313546423135,0.4642313546423135,0.0
ecgfounder,tr_max_gte_32_flag,emergency,plain,1971,147,0.4972095383054287,0.8707482993197279,0.8069435244274095,0.9156694816531585,0.46710526315789475,0.4443021449179469,0.49004664697485617,0.0,0.0,0.0
ecgfounder,tr_max_gte_32_flag,emergency,pooled,1971,147,0.9056316590563166,0.02040816326530612,0.0069645133345185885,0.058279212744746595,0.9769736842105263,0.9690226260116301,0.9829198915427269,0.026382546930492135,0.0,0.026382546930492135
ecgfounder,tr_max_gte_32_flag,emergency,perlabel,1971,147,0.9269406392694064,0.8707482993197279,0.8069435244274095,0.9156694816531585,0.9314692982456141,0.9189444745229733,0.9421805384830946,0.4748858447488584,0.4748858447488584,0.0
ecgfounder,shd_moderate_or_greater_flag,emergency,plain,1971,788,0.6915271435819381,0.8286802030456852,0.8007935113573772,0.8533778435644377,0.6001690617075233,0.5719736145166602,0.6277160729631616,0.0,0.0,0.0
ecgfounder,shd_moderate_or_greater_flag,emergency,pooled,1971,788,0.91324200913242,0.8642131979695431,0.8385210809254178,0.8863715015555123,0.9459002535925612,0.9315065264576349,0.9574074832099256,0.4048706240487062,0.4048706240487062,0.0
ecgfounder,shd_moderate_or_greater_flag,emergency,perlabel,1971,788,0.9076610857432775,0.8286802030456852,0.8007935113573772,0.8533778435644377,0.9602704987320372,0.9475689920048459,0.9699924833771193,0.3866057838660578,0.3866057838660578,0.0
ecgfounder,lvef_lte_45_flag,outpatient,plain,1059,70,0.8725212464589235,0.8428571428571429,0.7401175342315778,0.909923794401382,0.8746208291203236,0.8525221573803813,0.8938205677513497,0.0,0.0,0.0
ecgfounder,lvef_lte_45_flag,outpatient,pooled,1059,70,0.9575070821529745,0.5571428571428572,0.44083551053187997,0.6675047109069467,0.9858442871587462,0.9763796906388611,0.99154926867503,0.03493862134088763,0.03493862134088763,0.0
ecgfounder,lvef_lte_45_flag,outpatient,perlabel,1059,70,0.9707271010387157,0.8428571428571429,0.7401175342315778,0.909923794401382,0.9797775530839231,0.9689709391427667,0.986871498306643,0.125590179414542,0.125590179414542,0.0
ecgfounder,lvwt_gte_13_flag,outpatient,plain,1059,146,0.6175637393767706,0.8013698630136986,0.7292972468986941,0.8579901480091737,0.588170865279299,0.5559418296277866,0.6196610496389182,0.0,0.0,0.0
ecgfounder,lvwt_gte_13_flag,outpatient,pooled,1059,146,0.931067044381492,0.5,0.41994248616670343,0.5800575138332966,1.0,0.9958101165869668,1.0000000000000002,0.17563739376770537,0.17563739376770537,0.0
ecgfounder,lvwt_gte_13_flag,outpatient,perlabel,1059,146,0.947119924457035,0.8013698630136986,0.7292972468986941,0.8579901480091737,0.9704271631982475,0.9573148785926507,0.9795973778675949,0.4173748819641171,0.4173748819641171,0.0
ecgfounder,aortic_stenosis_moderate_or_greater_flag,outpatient,plain,1059,51,0.5722379603399433,1.0,0.9299533801014687,1.0,0.5505952380952381,0.5197528026490741,0.5810535036262998,0.0,0.0,0.0
ecgfounder,aortic_stenosis_moderate_or_greater_flag,outpatient,pooled,1059,51,0.9338999055712937,0.0,0.0,0.07004661989853143,0.9811507936507936,0.9707480325446937,0.9879001741917047,0.028328611898016998,0.0,0.028328611898016998
ecgfounder,aortic_stenosis_moderate_or_greater_flag,outpatient,perlabel,1059,51,0.9423984891406988,1.0,0.9299533801014687,1.0,0.939484126984127,0.9230295114284061,0.952601737198861,0.39565627950897075,0.39565627950897075,0.0
ecgfounder,aortic_regurgitation_moderate_or_greater_flag,outpatient,plain,1059,4,0.11614730878186968,1.0,0.5101091635454027,1.0,0.11279620853080569,0.09509502715853888,0.13330692745518574,0.0,0.0,0.0
ecgfounder,aortic_regurgitation_moderate_or_greater_flag,outpatient,pooled,1059,4,0.9490084985835694,0.0,0.0,0.4898908364545973,0.95260663507109,0.9380614962240987,0.963867675555452,0.04815864022662889,0.0,0.04815864022662889
ecgfounder,aortic_regurgitation_moderate_or_greater_flag,outpatient,perlabel,1059,4,0.9499527856468366,1.0,0.5101091635454027,1.0,0.9497630331753555,0.9348736506277668,0.9613889504390329,0.8366383380547686,0.8366383380547686,0.0
ecgfounder,mitral_regurgitation_moderate_or_greater_flag,outpatient,plain,1059,30,0.7422096317280453,0.7666666666666667,0.5907167384187784,0.8820761185551049,0.7414965986394558,0.713882820144771,0.7673139751189263,0.0,0.0,0.0
ecgfounder,mitral_regurgitation_moderate_or_greater_flag,outpatient,pooled,1059,30,0.9688385269121813,0.0,0.0,0.11351339317396876,0.9970845481049563,0.9914634733056387,0.9990079986355331,0.0018885741265344666,0.0,0.0018885741265344666
ecgfounder,mitral_regurgitation_moderate_or_greater_flag,outpatient,perlabel,1059,30,0.9660056657223796,0.7666666666666667,0.5907167384187784,0.8820761185551049,0.9718172983479106,0.9598181685678335,0.9803067573900137,0.24173748819641172,0.24173748819641172,0.0
ecgfounder,tricuspid_regurgitation_moderate_or_greater_flag,outpatient,plain,1059,26,0.6808309726156752,0.8076923076923077,0.6212374288068301,0.9149293885105758,0.6776379477250726,0.6485234740755373,0.7054361374714649,0.0,0.0,0.0
ecgfounder,tricuspid_regurgitation_moderate_or_greater_flag,outpatient,pooled,1059,26,0.9697828139754485,0.07692307692307693,0.0213550884722762,0.2414155377162906,0.9922555663117134,0.9847929099072416,0.9960706457965766,0.0009442870632672333,0.0,0.0009442870632672333
ecgfounder,tricuspid_regurgitation_moderate_or_greater_flag,outpatient,perlabel,1059,26,0.9726156751652503,0.8076923076923077,0.6212374288068301,0.9149293885105758,0.9767666989351403,0.9656622662605817,0.9843383260385933,0.3040604343720491,0.3040604343720491,0.0
ecgfounder,pulmonary_regurgitation_moderate_or_greater_flag,outpatient,plain,1059,0,0.03493862134088763,,,,0.03493862134088763,0.025452903679693765,0.04778610875689796,0.0,0.0,0.0
ecgfounder,pulmonary_regurgitation_moderate_or_greater_flag,outpatient,pooled,1059,0,0.9726156751652503,,,,0.9726156751652503,0.9609483962198349,0.9808665769283598,0.027384324834749764,0.0,0.027384324834749764
ecgfounder,pulmonary_regurgitation_moderate_or_greater_flag,outpatient,perlabel,1059,0,0.9707271010387157,,,,0.9707271010387157,0.9587495816229781,0.9793018951290198,0.9357884796978282,0.9357884796978282,0.0
ecgfounder,rv_systolic_dysfunction_moderate_or_greater_flag,outpatient,plain,1059,20,0.833805476864967,0.85,0.6395811352592431,0.9476312541037835,0.8334937439846006,0.8096216709348021,0.8549088712088571,0.0,0.0,0.0
ecgfounder,rv_systolic_dysfunction_moderate_or_greater_flag,outpatient,pooled,1059,20,0.9820585457979226,0.25,0.11186170140766569,0.468700877618744,0.9961501443695862,0.9901431270279666,0.9985018786720514,0.0056657223796034,0.0056657223796034,0.0
ecgfounder,rv_systolic_dysfunction_moderate_or_greater_flag,outpatient,perlabel,1059,20,0.9763928234183191,0.85,0.6395811352592431,0.9476312541037835,0.9788257940327237,0.9681480584594125,0.9859758801162594,0.1529745042492918,0.1529745042492918,0.0
ecgfounder,pericardial_effusion_moderate_large_flag,outpatient,plain,1059,2,0.40132200188857414,1.0,0.34238022750665303,1.0,0.4001892147587512,0.371066039430872,0.43003524837648577,0.0,0.0,0.0
ecgfounder,pericardial_effusion_moderate_large_flag,outpatient,pooled,1059,2,0.9858356940509915,0.0,0.0,0.6576197724933469,0.9877010406811731,0.9790715205973346,0.99279849016387,0.013220018885741265,0.0,0.013220018885741265
ecgfounder,pericardial_effusion_moderate_large_flag,outpatient,perlabel,1059,2,0.9848914069877243,1.0,0.34238022750665303,1.0,0.9848628192999054,0.9755528008242801,0.9906613223864228,0.5845136921624173,0.5845136921624173,0.0
ecgfounder,pasp_gte_45_flag,outpatient,plain,1059,63,0.6402266288951841,0.746031746031746,0.6265881256339354,0.8371958872667884,0.6335341365461847,0.6031501856544459,0.6628919929863009,0.0,0.0,0.0
ecgfounder,pasp_gte_45_flag,outpatient,pooled,1059,63,0.9480642115203022,0.1746031746031746,0.1003939657946789,0.2862142752075897,0.9969879518072289,0.9911818661415676,0.9989751145138434,0.04343720491029273,0.04343720491029273,0.0
ecgfounder,pasp_gte_45_flag,outpatient,perlabel,1059,63,0.9622285174693107,0.746031746031746,0.6265881256339354,0.8371958872667884,0.9759036144578314,0.9643956794337093,0.9837546414363206,0.3578847969782814,0.3578847969782814,0.0
ecgfounder,tr_max_gte_32_flag,outpatient,plain,1059,35,0.6487252124645893,0.8285714285714286,0.6731771770095504,0.9189735994629841,0.642578125,0.6127423680406515,0.6713481378385623,0.0,0.0,0.0
ecgfounder,tr_max_gte_32_flag,outpatient,pooled,1059,35,0.9575070821529745,0.0,6.938893903907228e-18,0.09890099232440402,0.990234375,0.9821173774373615,0.9946869646952776,0.0113314447592068,0.0,0.0113314447592068
ecgfounder,tr_max_gte_32_flag,outpatient,perlabel,1059,35,0.9660056657223796,0.8285714285714286,0.6731771770095504,0.9189735994629841,0.970703125,0.9584853689978174,0.9794024654801348,0.3408876298394712,0.3408876298394712,0.0
ecgfounder,shd_moderate_or_greater_flag,outpatient,plain,1059,271,0.7138810198300283,0.7158671586715867,0.6594454509477004,0.76625451623349,0.7131979695431472,0.6806456502332332,0.7436817151214574,0.0,0.0,0.0
ecgfounder,shd_moderate_or_greater_flag,outpatient,pooled,1059,271,0.9169027384324835,0.7453874538745388,0.6903399622555373,0.7935753850529954,0.9758883248730964,0.9626488441341098,0.9845104535326107,0.34183191690273845,0.34183191690273845,0.0
ecgfounder,shd_moderate_or_greater_flag,outpatient,perlabel,1059,271,0.9102927289896129,0.7158671586715867,0.6594454509477004,0.76625451623349,0.9771573604060914,0.9641821545813811,0.9855029012124505,0.32200188857412654,0.32200188857412654,0.0
echonext_mini,lvef_lte_45_flag,inpatient,plain,2203,537,0.6168860644575579,0.8901303538175046,0.8608581343183334,0.9138605806885195,0.5288115246098439,0.5048032717612706,0.5526872160289887,0.0,0.0,0.0
echonext_mini,lvef_lte_45_flag,inpatient,pooled,2203,537,0.908760780753518,0.9180633147113594,0.8917892498004379,0.9383985856126337,0.9057623049219687,0.8907848343789485,0.918872868667204,0.44439400817067637,0.44439400817067637,0.0
echonext_mini,lvef_lte_45_flag,inpatient,perlabel,2203,537,0.9046754425783023,0.8901303538175046,0.8608581343183334,0.9138605806885195,0.9093637454981993,0.8946199578314449,0.9222240561884902,0.3822060826146164,0.3822060826146164,0.0
echonext_mini,lvwt_gte_13_flag,inpatient,plain,2203,483,0.37675896504766226,0.937888198757764,0.9127167647910217,0.9561492537782652,0.2191860465116279,0.20027281249323634,0.23935082861535203,0.0,0.0,0.0
echonext_mini,lvwt_gte_13_flag,inpatient,pooled,2203,483,0.9169314571039492,0.9006211180124224,0.8706976885467036,0.9242222858890271,0.9215116279069767,0.9078420394369237,0.9333025986505991,0.6155242850658194,0.6155242850658194,0.0
echonext_mini,lvwt_gte_13_flag,inpatient,perlabel,2203,483,0.9201089423513391,0.937888198757764,0.9127167647910217,0.9561492537782652,0.9151162790697674,0.9010019564364122,0.9273804871421965,0.6913300045392646,0.6913300045392646,0.0
echonext_mini,aortic_stenosis_moderate_or_greater_flag,inpatient,plain,2203,141,0.5615070358601907,0.9361702127659575,0.8831456427498142,0.9660587287158678,0.5358874878758487,0.5143152254061998,0.5573262838529316,0.0,0.0,0.0
echonext_mini,aortic_stenosis_moderate_or_greater_flag,inpatient,pooled,2203,141,0.9051293690422152,0.9716312056737588,0.9293315734082841,0.9889138038676157,0.9005819592628516,0.886912496177142,0.9127616477153231,0.43213799364502953,0.43213799364502953,0.0
echonext_mini,aortic_stenosis_moderate_or_greater_flag,inpatient,perlabel,2203,141,0.9033136631865638,0.9361702127659575,0.8831456427498142,0.9660587287158678,0.9010669253152279,0.8874245057993716,0.9132177665965954,0.36268724466636404,0.36268724466636404,0.0
echonext_mini,aortic_regurgitation_moderate_or_greater_flag,inpatient,plain,2203,33,0.5683159328188834,0.696969696969697,0.5266186485419944,0.8262446857594641,0.5663594470046083,0.5454091696268936,0.587075192943061,0.0,0.0,0.0
echonext_mini,aortic_regurgitation_moderate_or_greater_flag,inpatient,pooled,2203,33,0.8951429868361326,0.8484848484848485,0.6908012411955788,0.9334954271839244,0.895852534562212,0.8822936242378273,0.9080123997037773,0.4920562868815252,0.4920562868815252,0.0
echonext_mini,aortic_regurgitation_moderate_or_greater_flag,inpatient,perlabel,2203,33,0.8933272809804812,0.696969696969697,0.5266186485419944,0.8262446857594641,0.8963133640552995,0.8827787021936622,0.908447352043567,0.33227417158420336,0.33227417158420336,0.0
echonext_mini,mitral_regurgitation_moderate_or_greater_flag,inpatient,plain,2203,173,0.5478892419428053,0.884393063583815,0.8281819315949569,0.923904150972669,0.5192118226600986,0.4974615613279145,0.5408895105620388,0.0,0.0,0.0
echonext_mini,mitral_regurgitation_moderate_or_greater_flag,inpatient,pooled,2203,173,0.899682251475261,0.9190751445086706,0.8687587083713479,0.9511847651046352,0.8980295566502463,0.8841048995654741,0.9104506411289437,0.5224693599636859,0.5224693599636859,0.0
echonext_mini,mitral_regurgitation_moderate_or_greater_flag,inpatient,perlabel,2203,173,0.9024058102587381,0.884393063583815,0.8281819315949569,0.923904150972669,0.9039408866995073,0.8903487761958606,0.9160070943108503,0.3926463912846119,0.3926463912846119,0.0
echonext_mini,tricuspid_regurgitation_moderate_or_greater_flag,inpatient,plain,2203,183,0.48252383113935543,0.912568306010929,0.8627050006879483,0.9454668095359805,0.44356435643564357,0.42202680769153184,0.4653161464681003,0.0,0.0,0.0
echonext_mini,tricuspid_regurgitation_moderate_or_greater_flag,inpatient,pooled,2203,183,0.9096686336813437,0.9398907103825137,0.8955852895385042,0.966107832620784,0.906930693069307,0.8934771878304596,0.9188394058606143,0.596005447117567,0.596005447117567,0.0
echonext_mini,tricuspid_regurgitation_moderate_or_greater_flag,inpatient,perlabel,2203,183,0.9133000453926464,0.912568306010929,0.8627050006879483,0.9454668095359805,0.9133663366336634,0.9003012852783887,0.9248621645172888,0.4734453018610985,0.4734453018610985,0.0
echonext_mini,pulmonary_regurgitation_moderate_or_greater_flag,inpatient,plain,2203,14,0.1920108942351339,0.9285714285714286,0.6853129557584889,0.9872777847521093,0.18730013704888077,0.17150902938381854,0.20418683112027577,0.0,0.0,0.0
echonext_mini,pulmonary_regurgitation_moderate_or_greater_flag,inpatient,pooled,2203,14,0.9014979573309124,0.8571428571428571,0.6005862050302965,0.9599060787285351,0.9017816354499771,0.8886015470684727,0.913554027345916,0.43123014071720384,0.43123014071720384,0.0
echonext_mini,pulmonary_regurgitation_moderate_or_greater_flag,inpatient,perlabel,2203,14,0.8983204720835225,0.9285714285714286,0.6853129557584889,0.9872777847521093,0.8981269986295112,0.8847500882226341,0.9101090170668938,0.7094870630957785,0.7094870630957785,0.0
echonext_mini,rv_systolic_dysfunction_moderate_or_greater_flag,inpatient,plain,2203,246,0.5006808896958693,0.9065040650406504,0.8636175779799415,0.9368900757299086,0.44966785896780787,0.42774787081780186,0.471785057194399,0.0,0.0,0.0
echonext_mini,rv_systolic_dysfunction_moderate_or_greater_flag,inpatient,pooled,2203,246,0.9083068542896051,0.943089430894309,0.9067529791930091,0.9658003633507277,0.9039345937659683,0.8900762256007881,0.9162102759865756,0.5115751248297776,0.5115751248297776,0.0
echonext_mini,rv_systolic_dysfunction_moderate_or_greater_flag,inpatient,perlabel,2203,246,0.9073990013617794,0.9065040650406504,0.8636175779799415,0.9368900757299086,0.9075114971895759,0.8938651077071603,0.9195611857981182,0.4475714934180663,0.4475714934180663,0.0
echonext_mini,pericardial_effusion_moderate_large_flag,inpatient,plain,2203,45,0.25510667271901954,0.9555555555555556,0.8517248923056439,0.9877258732932802,0.24050046339202966,0.22293969817680043,0.25898345792227306,0.0,0.0,0.0
echonext_mini,pericardial_effusion_moderate_large_flag,inpatient,pooled,2203,45,0.9142078983204721,0.9555555555555556,0.8517248923056439,0.9877258732932802,0.9133456904541242,0.9007294558967729,0.9244929454597028,0.6958692691783931,0.6958692691783931,0.0
echonext_mini,pericardial_effusion_moderate_large_flag,inpatient,perlabel,2203,45,0.9142078983204721,0.9555555555555556,0.8517248923056439,0.9877258732932802,0.9133456904541242,0.9007294558967729,0.9244929454597028,0.6722650930549251,0.6722650930549251,0.0
echonext_mini,pasp_gte_45_flag,inpatient,plain,2203,346,0.430776214253291,0.9046242774566474,0.8690824766339026,0.931280067427834,0.34248788368336025,0.3212496447610075,0.36437644808693304,0.0,0.0,0.0
echonext_mini,pasp_gte_45_flag,inpatient,pooled,2203,346,0.911484339536995,0.9219653179190751,0.8888456083129227,0.945818187637174,0.9095315024232633,0.8956254908979192,0.9217466676974356,0.6187017703132093,0.6187017703132093,0.0
echonext_mini,pasp_gte_45_flag,inpatient,perlabel,2203,346,0.908760780753518,0.9046242774566474,0.8690824766339026,0.931280067427834,0.9095315024232633,0.8956254908979192,0.9217466676974356,0.5710394916023604,0.5710394916023604,0.0
echonext_mini,tr_max_gte_32_flag,inpatient,plain,2203,181,0.39446209714026326,0.9005524861878453,0.8482902781295298,0.9361657682851308,0.34915924826904055,0.32868487617591474,0.37020567750290073,0.0,0.0,0.0
echonext_mini,tr_max_gte_32_flag,inpatient,pooled,2203,181,0.9064911484339537,0.9060773480662984,0.8547447918110028,0.9405313380024808,0.9065281899109793,0.8930580728892397,0.9184565660485102,0.6032682705401725,0.6032682705401725,0.0
echonext_mini,tr_max_gte_32_flag,inpatient,perlabel,2203,181,0.9092147072174308,0.9005524861878453,0.8482902781295298,0.9361657682851308,0.9099901088031652,0.8967258439206868,0.9216995036211558,0.5646845211075806,0.5646845211075806,0.0
echonext_mini,shd_moderate_or_greater_flag,inpatient,plain,2203,1156,0.6604630049931911,0.907439446366782,0.8893564607934468,0.922823508146281,0.387774594078319,0.3587225250831107,0.4176471660559042,0.0,0.0,0.0
echonext_mini,shd_moderate_or_greater_flag,inpatient,pooled,2203,1156,0.9073990013617794,0.8875432525951558,0.8680326610546051,0.9044867149220365,0.9293218720152817,0.9121776842643038,0.9433271994209115,0.47571493418066274,0.47571493418066274,0.0
echonext_mini,shd_moderate_or_greater_flag,inpatient,perlabel,2203,1156,0.9078529278256923,0.907439446366782,0.8893564607934468,0.922823508146281,0.9083094555873925,0.8893045889916089,0.9243290879281454,0.47889241942805266,0.47889241942805266,0.0
echonext_mini,lvef_lte_45_flag,emergency,plain,1971,310,0.7128361237950279,0.867741935483871,0.8254914300838757,0.9009900260524292,0.6839253461770018,0.6611632165691823,0.7058386962933239,0.0,0.0,0.0
echonext_mini,lvef_lte_45_flag,emergency,pooled,1971,310,0.928462709284627,0.8806451612903226,0.8398161651237415,0.9121558684208546,0.9373871161950632,0.9246968878932513,0.9480588885211862,0.3313039066463724,0.3313039066463724,0.0
echonext_mini,lvef_lte_45_flag,emergency,perlabel,1971,310,0.9289700659563673,0.867741935483871,0.8254914300838757,0.9009900260524292,0.9403973509933775,0.9279635197420519,0.950798834624309,0.2795535261288686,0.2795535261288686,0.0
echonext_mini,lvwt_gte_13_flag,emergency,plain,1971,392,0.5032978183663115,0.9005102040816326,0.8668820201313511,0.9263648543508739,0.4046865104496517,0.3807364282456337,0.4290992326017502,0.0,0.0,0.0
echonext_mini,lvwt_gte_13_flag,emergency,pooled,1971,392,0.9309994926433283,0.8545918367346939,0.816254090083995,0.8860472828652362,0.9499683343888538,0.9380808591846308,0.9596717186753938,0.4987316083206494,0.4987316083206494,0.0
echonext_mini,lvwt_gte_13_flag,emergency,perlabel,1971,392,0.9381024860476915,0.9005102040816326,0.8668820201313511,0.9263648543508739,0.94743508549715,0.9353017818347292,0.9573965943202422,0.5768645357686454,0.5768645357686454,0.0
echonext_mini,aortic_stenosis_moderate_or_greater_flag,emergency,plain,1971,66,0.6169457128361238,0.8181818181818182,0.7085480732292817,0.8928139359439193,0.6099737532808399,0.5878703930012945,0.6316344789532697,0.0,0.0,0.0
echonext_mini,aortic_stenosis_moderate_or_greater_flag,emergency,pooled,1971,66,0.9101978691019786,0.8939393939393939,0.7968769124835199,0.9476665274452051,0.910761154855643,0.8971186582164599,0.9227503742629983,0.36428209030948755,0.36428209030948755,0.0
echonext_mini,aortic_stenosis_moderate_or_greater_flag,emergency,perlabel,1971,66,0.9091831557584982,0.8181818181818182,0.7085480732292817,0.8928139359439193,0.9123359580052494,0.8987922644743414,0.9242200358612682,0.30644342973110095,0.30644342973110095,0.0
echonext_mini,aortic_regurgitation_moderate_or_greater_flag,emergency,plain,1971,25,0.6920345002536783,0.56,0.3706733186979878,0.7333436111893266,0.6937307297019527,0.6728859650015931,0.7138121414465256,0.0,0.0,0.0
echonext_mini,aortic_regurgitation_moderate_or_greater_flag,emergency,pooled,1971,25,0.9198376458650431,0.76,0.5657031664457093,0.8850368630659855,0.9218910585817061,0.9091201713588538,0.9329995776965986,0.373921867072552,0.373921867072552,0.0
echonext_mini,aortic_regurgitation_moderate_or_greater_flag,emergency,perlabel,1971,25,0.9183155758498224,0.56,0.3706733186979878,0.7333436111893266,0.9229188078108942,0.9102176040330746,0.9339535938629514,0.23084728564180618,0.23084728564180618,0.0
echonext_mini,mitral_regurgitation_moderate_or_greater_flag,emergency,plain,1971,119,0.6737696600710299,0.8235294117647058,0.7452429522119907,0.8815812546902838,0.6641468682505399,0.6423169825129896,0.6852972094807367,0.0,0.0,0.0
echonext_mini,mitral_regurgitation_moderate_or_greater_flag,emergency,pooled,1971,119,0.9269406392694064,0.8823529411764706,0.8121796237448505,0.9286126207760194,0.9298056155507559,0.9172587709115193,0.9405731265457377,0.39167935058346015,0.39167935058346015,0.0
echonext_mini,mitral_regurgitation_moderate_or_greater_flag,emergency,perlabel,1971,119,0.9264332825976661,0.8235294117647058,0.7452429522119907,0.8815812546902838,0.9330453563714903,0.9207421668607388,0.9435558001753418,0.27752409944190765,0.27752409944190765,0.0
echonext_mini,tricuspid_regurgitation_moderate_or_greater_flag,emergency,plain,1971,131,0.663115169964485,0.9083969465648855,0.8467026143464803,0.9468218768286233,0.6456521739130435,0.6235142627822636,0.6671831816405456,0.0,0.0,0.0
echonext_mini,tricuspid_regurgitation_moderate_or_greater_flag,emergency,pooled,1971,131,0.9452054794520548,0.9541984732824428,0.903675776818267,0.9788421152362876,0.9445652173913044,0.933153384341029,0.9541246363226198,0.441400304414003,0.441400304414003,0.0
echonext_mini,tricuspid_regurgitation_moderate_or_greater_flag,emergency,perlabel,1971,131,0.9431760527650939,0.9083969465648855,0.8467026143464803,0.9468218768286233,0.9456521739130435,0.9343344483516018,0.9551129562256497,0.3150684931506849,0.3150684931506849,0.0
echonext_mini,pulmonary_regurgitation_moderate_or_greater_flag,emergency,plain,1971,6,0.36276002029426685,0.8333333333333334,0.43649717781352987,0.9699466302516935,0.361323155216285,0.3403726990300291,0.3828147635468476,0.0,0.0,0.0
echonext_mini,pulmonary_regurgitation_moderate_or_greater_flag,emergency,pooled,1971,6,0.9518011161846778,0.8333333333333334,0.43649717781352987,0.9699466302516935,0.9521628498727736,0.941812269683134,0.9607489761900586,0.2907153729071537,0.2907153729071537,0.0
echonext_mini,pulmonary_regurgitation_moderate_or_greater_flag,emergency,perlabel,1971,6,0.9477422628107559,0.8333333333333334,0.43649717781352987,0.9699466302516935,0.9480916030534351,0.9373792838729063,0.9570553553970387,0.5854895991882293,0.5854895991882293,0.0
echonext_mini,rv_systolic_dysfunction_moderate_or_greater_flag,emergency,plain,1971,145,0.6742770167427702,0.896551724137931,0.8363325577094688,0.9363016324628933,0.6566265060240963,0.6345389638086392,0.6780564237549618,0.0,0.0,0.0
echonext_mini,rv_systolic_dysfunction_moderate_or_greater_flag,emergency,pooled,1971,145,0.945712836123795,0.9310344827586207,0.877708725202126,0.9621110467243547,0.9468784227820373,0.9356215411770898,0.9562590051582194,0.3759512937595129,0.3759512937595129,0.0
echonext_mini,rv_systolic_dysfunction_moderate_or_greater_flag,emergency,perlabel,1971,145,0.9452054794520548,0.896551724137931,0.8363325577094688,0.9363016324628933,0.9490690032858707,0.9380087146234953,0.9582437951742419,0.29883307965499745,0.29883307965499745,0.0
echonext_mini,pericardial_effusion_moderate_large_flag,emergency,plain,1971,19,0.3881278538812785,0.9473684210526315,0.753612688331012,0.9906480059376995,0.3826844262295082,0.3613731377112015,0.4044565526584064,0.0,0.0,0.0
echonext_mini,pericardial_effusion_moderate_large_flag,emergency,pooled,1971,19,0.943683409436834,0.9473684210526315,0.753612688331012,0.9906480059376995,0.9436475409836066,0.9325192898290326,0.9530330601269486,0.5946220192795535,0.5946220192795535,0.0
echonext_mini,pericardial_effusion_moderate_large_flag,emergency,perlabel,1971,19,0.943683409436834,0.9473684210526315,0.753612688331012,0.9906480059376995,0.9436475409836066,0.9325192898290326,0.9530330601269486,0.5626585489599188,0.5626585489599188,0.0
echonext_mini,pasp_gte_45_flag,emergency,plain,1971,275,0.5733130390664637,0.8363636363636363,0.7880614529164176,0.8753979938330778,0.5306603773584906,0.5068665550518746,0.5543156213565962,0.0,0.0,0.0
echonext_mini,pasp_gte_45_flag,emergency,pooled,1971,275,0.9375951293759512,0.8654545454545455,0.8200524927959258,0.900787230429202,0.9492924528301887,0.9377978931094068,0.9587563073377995,0.48300355149670215,0.48300355149670215,0.0
echonext_mini,pasp_gte_45_flag,emergency,perlabel,1971,275,0.9340436326737697,0.8363636363636363,0.7880614529164176,0.8753979938330778,0.9498820754716981,0.9384433774297005,0.9592874033330532,0.4383561643835616,0.4383561643835616,0.0
echonext_mini,tr_max_gte_32_flag,emergency,plain,1971,147,0.5489599188229325,0.8095238095238095,0.738482688742757,0.8647997291777173,0.5279605263157895,0.5050157501416491,0.5507877767494683,0.0,0.0,0.0
echonext_mini,tr_max_gte_32_flag,emergency,pooled,1971,147,0.930492135971588,0.8503401360544217,0.7837937554085953,0.8990423879519415,0.9369517543859649,0.924853385292869,0.9472134957310648,0.4667681380010147,0.4667681380010147,0.0
echonext_mini,tr_max_gte_32_flag,emergency,perlabel,1971,147,0.928462709284627,0.8095238095238095,0.738482688742757,0.8647997291777173,0.9380482456140351,0.9260379249107312,0.9482173297167761,0.4231354642313546,0.4231354642313546,0.0
echonext_mini,shd_moderate_or_greater_flag,emergency,plain,1971,788,0.6879756468797564,0.8553299492385786,0.8290444975227171,0.878167778068434,0.5765004226542688,0.5481406095811414,0.6043650167220136,0.0,0.0,0.0
echonext_mini,shd_moderate_or_greater_flag,emergency,pooled,1971,788,0.908675799086758,0.8274111675126904,0.7994543018627767,0.852191294931927,0.9628064243448858,0.9504387218901066,0.97217818861793,0.39015728056823945,0.39015728056823945,0.0
echonext_mini,shd_moderate_or_greater_flag,emergency,perlabel,1971,788,0.9137493658041603,0.8553299492385786,0.8290444975227171,0.878167778068434,0.9526627218934911,0.9390275117262221,0.9633676582775288,0.3997970573313039,0.3997970573313039,0.0
echonext_mini,lvef_lte_45_flag,outpatient,plain,1059,70,0.7884796978281398,0.8,0.6918335550374695,0.8769526075163705,0.7876643073811931,0.7610885263870589,0.8120140520204374,0.0,0.0,0.0
echonext_mini,lvef_lte_45_flag,outpatient,pooled,1059,70,0.9697828139754485,0.8571428571428571,0.7566158011633325,0.920510582829334,0.9777553083923155,0.9665488810026625,0.9852647158252535,0.24834749763928235,0.24834749763928235,0.0
echonext_mini,lvef_lte_45_flag,outpatient,perlabel,1059,70,0.9660056657223796,0.8,0.6918335550374695,0.8769526075163705,0.9777553083923155,0.9665488810026625,0.9852647158252535,0.2077431539187913,0.2077431539187913,0.0
echonext_mini,lvwt_gte_13_flag,outpatient,plain,1059,146,0.5873465533522191,0.8561643835616438,0.7901083366787386,0.9039585845760142,0.5443592552026287,0.5119358272386803,0.5764109629514012,0.0,0.0,0.0
echonext_mini,lvwt_gte_13_flag,outpatient,pooled,1059,146,0.9442870632672332,0.7191780821917808,0.64138418930966,0.7857339160778801,0.9802847754654983,0.969051514912839,0.987493361589647,0.3597733711048159,0.3597733711048159,0.0
echonext_mini,lvwt_gte_13_flag,outpatient,perlabel,1059,146,0.9612842304060434,0.8561643835616438,0.7901083366787386,0.9039585845760142,0.9780941949616648,0.9664067787239466,0.9857752933247083,0.47780925401322,0.47780925401322,0.0
echonext_mini,aortic_stenosis_moderate_or_greater_flag,outpatient,plain,1059,51,0.7318224740321058,0.9019607843137255,0.7902176531891913,0.9573919268923814,0.7232142857142857,0.6947863422465096,0.7499473619095515,0.0,0.0,0.0
echonext_mini,aortic_stenosis_moderate_or_greater_flag,outpatient,pooled,1059,51,0.9546742209631728,0.9607843137254902,0.8678369434463774,0.9891789166471329,0.9543650793650794,0.9396661716657793,0.9656139905718921,0.3087818696883853,0.3087818696883853,0.0
echonext_mini,aortic_stenosis_moderate_or_greater_flag,outpatient,perlabel,1059,51,0.9527856468366384,0.9019607843137255,0.7902176531891913,0.9573919268923814,0.9553571428571429,0.9407866889966002,0.9664700674817647,0.23984891406987724,0.23984891406987724,0.0
echonext_mini,aortic_regurgitation_moderate_or_greater_flag,outpatient,plain,1059,4,0.7998111425873465,0.75,0.30064184258240184,0.9544127391902995,0.8,0.7747939376164474,0.8230292725787942,0.0,0.0,0.0
echonext_mini,aortic_regurgitation_moderate_or_greater_flag,outpatient,pooled,1059,4,0.9745042492917847,0.75,0.30064184258240184,0.9544127391902995,0.9753554502369668,0.9641345157708564,0.9831272217107031,0.2804532577903683,0.2804532577903683,0.0
echonext_mini,aortic_regurgitation_moderate_or_greater_flag,outpatient,perlabel,1059,4,0.9745042492917847,0.75,0.30064184258240184,0.9544127391902995,0.9753554502369668,0.9641345157708564,0.9831272217107031,0.17752596789423986,0.17752596789423986,0.0
echonext_mini,mitral_regurgitation_moderate_or_greater_flag,outpatient,plain,1059,30,0.7922568460812087,0.6333333333333333,0.4551356365479487,0.7812607919389929,0.7968901846452867,0.7712255634169147,0.8203463518871479,0.0,0.0,0.0
echonext_mini,mitral_regurgitation_moderate_or_greater_flag,outpatient,pooled,1059,30,0.9716713881019831,0.7,0.5212421254128503,0.833352517317562,0.9795918367346939,0.9690025751386822,0.9866135957371109,0.2898961284230406,0.2898961284230406,0.0
echonext_mini,mitral_regurgitation_moderate_or_greater_flag,outpatient,perlabel,1059,30,0.9716713881019831,0.6333333333333333,0.4551356365479487,0.7812607919389929,0.9815354713313897,0.9713412249414495,0.9881477571638304,0.1964117091595845,0.1964117091595845,0.0
echonext_mini,tricuspid_regurgitation_moderate_or_greater_flag,outpatient,plain,1059,26,0.8101983002832861,0.7692307692307693,0.5794844592105632,0.8896615059421671,0.8112294288480155,0.7862290363419092,0.8339236345701412,0.0,0.0,0.0
echonext_mini,tricuspid_regurgitation_moderate_or_greater_flag,outpatient,pooled,1059,26,0.9830028328611898,0.8076923076923077,0.6212374288068301,0.9149293885105758,0.9874152952565344,0.9785880295982217,0.9926308500416456,0.29178470254957506,0.29178470254957506,0.0
echonext_mini,tricuspid_regurgitation_moderate_or_greater_flag,outpatient,perlabel,1059,26,0.9820585457979226,0.7692307692307693,0.5794844592105632,0.8896615059421671,0.9874152952565344,0.9785880295982217,0.9926308500416456,0.18508026440037773,0.18508026440037773,0.0
echonext_mini,pulmonary_regurgitation_moderate_or_greater_flag,outpatient,plain,1059,0,0.5731822474032106,,,,0.5731822474032106,0.5431806414536635,0.6026548438989541,0.0,0.0,0.0
echonext_mini,pulmonary_regurgitation_moderate_or_greater_flag,outpatient,pooled,1059,0,0.983947119924457,,,,0.983947119924457,0.974442429191611,0.9899535223337632,0.15675165250236073,0.15675165250236073,0.0
echonext_mini,pulmonary_regurgitation_moderate_or_greater_flag,outpatient,perlabel,1059,0,0.983947119924457,,,,0.983947119924457,0.974442429191611,0.9899535223337632,0.41076487252124644,0.41076487252124644,0.0
echonext_mini,rv_systolic_dysfunction_moderate_or_greater_flag,outpatient,plain,1059,20,0.8168083097261567,0.8,0.5839825677481065,0.9193423374202019,0.8171318575553417,0.7924731836950051,0.8394541283867717,0.0,0.0,0.0
echonext_mini,rv_systolic_dysfunction_moderate_or_greater_flag,outpatient,pooled,1059,20,0.9820585457979226,0.85,0.6395811352592431,0.9476312541037835,0.9846005774783445,0.975131793516692,0.9904991674337619,0.2237960339943343,0.2237960339943343,0.0
echonext_mini,rv_systolic_dysfunction_moderate_or_greater_flag,outpatient,perlabel,1059,20,0.9811142587346553,0.8,0.5839825677481065,0.9193423374202019,0.9846005774783445,0.975131793516692,0.9904991674337619,0.17374881964117092,0.17374881964117092,0.0
echonext_mini,pericardial_effusion_moderate_large_flag,outpatient,plain,1059,2,0.6241737488196412,1.0,0.34238022750665303,1.0,0.6234626300851467,0.5938558472333867,0.6521752612134363,0.0,0.0,0.0
echonext_mini,pericardial_effusion_moderate_large_flag,outpatient,pooled,1059,2,0.9896128423040604,1.0,0.34238022750665303,1.0,0.9895931882686849,0.9814614092068918,0.9941791932546471,0.39848914069877245,0.39848914069877245,0.0
echonext_mini,pericardial_effusion_moderate_large_flag,outpatient,perlabel,1059,2,0.9896128423040604,1.0,0.34238022750665303,1.0,0.9895931882686849,0.9814614092068918,0.9941791932546471,0.36732766761095376,0.36732766761095376,0.0
echonext_mini,pasp_gte_45_flag,outpatient,plain,1059,63,0.7101038715769594,0.6825396825396826,0.5599646825583142,0.7841331334648034,0.7118473895582329,0.6829487625718632,0.7391181524145846,0.0,0.0,0.0
echonext_mini,pasp_gte_45_flag,outpatient,pooled,1059,63,0.9716713881019831,0.7142857142857143,0.5929728343259288,0.810968080135992,0.9879518072289156,0.9790594475549703,0.9930946789067059,0.34749763928234184,0.34749763928234184,0.0
echonext_mini,pasp_gte_45_flag,outpatient,perlabel,1059,63,0.9697828139754485,0.6825396825396826,0.5599646825583142,0.7841331334648034,0.9879518072289156,0.9790594475549703,0.9930946789067059,0.29367327667610954,0.29367327667610954,0.0
echonext_mini,tr_max_gte_32_flag,outpatient,plain,1059,35,0.7308781869688386,0.8,0.6410838693433439,0.8995755352620137,0.728515625,0.7004601827211339,0.7548629568387017,0.0,0.0,0.0
echonext_mini,tr_max_gte_32_flag,outpatient,pooled,1059,35,0.9820585457979226,0.8285714285714286,0.6731771770095504,0.9189735994629841,0.9873046875,0.9784009108980881,0.9925659550863478,0.31633616619452315,0.31633616619452315,0.0
echonext_mini,tr_max_gte_32_flag,outpatient,perlabel,1059,35,0.9820585457979226,0.8,0.6410838693433439,0.8995755352620137,0.98828125,0.9796288479707306,0.9932838433964398,0.2738432483474976,0.2738432483474976,0.0
echonext_mini,shd_moderate_or_greater_flag,outpatient,plain,1059,271,0.7148253068932956,0.7269372693726938,0.6709971197607174,0.7765336149682265,0.7106598984771574,0.6780376083088294,0.7412382407916388,0.0,0.0,0.0
echonext_mini,shd_moderate_or_greater_flag,outpatient,pooled,1059,271,0.9102927289896129,0.6900369003690037,0.6326401007066392,0.7421214088631266,0.9860406091370558,0.9751776451205861,0.9921877175630244,0.295561850802644,0.295561850802644,0.0
echonext_mini,shd_moderate_or_greater_flag,outpatient,perlabel,1059,271,0.9169027384324835,0.7269372693726938,0.6709971197607174,0.7765336149682265,0.9822335025380711,0.9704002391650964,0.9893878491371803,0.32294617563739375,0.32294617563739375,0.0
